Rank,Mark,Competitor,DOB,Nat,Pos,,Venue,Date,ResultScore
1,7:28.73,Ronald KWEMOI,19 SEP 1995,KEN,1,,"Suhaim bin Hamad Stadium, Doha (QAT)",05 MAY 2017,1247
2,7:31.57,Paul CHELIMO,27 OCT 1990,USA,2,,"Suhaim bin Hamad Stadium, Doha (QAT)",05 MAY 2017,1229
3,7:32.27,Yomif KEJELCHA,01 AUG 1997,ETH,3,,"Suhaim bin Hamad Stadium, Doha (QAT)",05 MAY 2017,1225
4,7:32.31,Muktar EDRIS,14 JAN 1994,ETH,1,,"Stade Charléty, Paris (FRA)",01 JUL 2017,1224
5,7:32.88,Ronald KWEMOI,19 SEP 1995,KEN,2,,"Stade Charléty, Paris (FRA)",01 JUL 2017,1221
6,7:33.36,Caleb Mwangangi NDIKU,09 OCT 1992,KEN,4,,"Suhaim bin Hamad Stadium, Doha (QAT)",05 MAY 2017,1218
7,7:33.37,Yomif KEJELCHA,01 AUG 1997,ETH,3,,"Stade Charléty, Paris (FRA)",01 JUL 2017,1218
8,7:34.96,Joshua CHEPTEGEI,12 SEP 1996,UGA,4,,"Stade Charléty, Paris (FRA)",01 JUL 2017,1208
9,7:35.15,Mo FARAH,23 MAR 1983,GBR,1,,"Olympic Stadium, London (GBR)",09 JUL 2017,1207
10,7:35.28,Adel MECHAAL,05 DEC 1990,ESP,5,,"Stade Charléty, Paris (FRA)",01 JUL 2017,1206
11,7:35.53,Ben TRUE,29 DEC 1985,USA,6,,"Stade Charléty, Paris (FRA)",01 JUL 2017,1204
12,7:36.32,Adel MECHAAL,05 DEC 1990,ESP,2,,"Olympic Stadium, London (GBR)",09 JUL 2017,1199
13,7:37.56,Andrew BUTCHART,14 OCT 1991,GBR,3,,"Olympic Stadium, London (GBR)",09 JUL 2017,1192
14,7:37.76,Patrick TIERNAN,11 SEP 1994,AUS,4,,"Olympic Stadium, London (GBR)",09 JUL 2017,1190
15,7:37.82,Abdelaati IGUIDER,25 MAR 1987,MAR,1,,"Complexe Sportif Prince Moulay Abdellah, Rabat (MAR)",16 JUL 2017,1190
16,7:38.30,Albert ROP,17 JUL 1992,BRN,5,,"Suhaim bin Hamad Stadium, Doha (QAT)",05 MAY 2017,1187
17,7:38.33,Davis KIPLANGAT,10 JUL 1998,KEN,5,,"Olympic Stadium, London (GBR)",09 JUL 2017,1187
18,7:38.35,Adel MECHAAL,05 DEC 1990,ESP,2,,"Complexe Sportif Prince Moulay Abdellah, Rabat (MAR)",16 JUL 2017,1187
19,7:38.50,Frank NGELEL,02 MAR 1992,KEN,6,,"Olympic Stadium, London (GBR)",09 JUL 2017,1186
20,7:38.51,Hassan MEAD,28 AUG 1989,USA,7,,"Olympic Stadium, London (GBR)",09 JUL 2017,1186
21,7:38.64,Mo FARAH,23 MAR 1983,GBR,1,,"Alexander Stadium, Birmingham (GBR)",20 AUG 2017,1185
22,7:38.65,Soufiyan BOUQANTAR,30 AUG 1993,MAR,3,,"Complexe Sportif Prince Moulay Abdellah, Rabat (MAR)",16 JUL 2017,1185
23,7:38.90,Andrew BAYER,03 FEB 1990,USA,8,,"Olympic Stadium, London (GBR)",09 JUL 2017,1183
23,7:38.90,Selemon BAREGA,20 JAN 2000,ETH,1,,"Sports Park Mladost, Zagreb (CRO)",29 AUG 2017,1183
25,7:39.28,Patrick TIERNAN,11 SEP 1994,AUS,7,,"Stade Charléty, Paris (FRA)",01 JUL 2017,1181
26,7:39.57,Yenew ALAMIREW,27 MAY 1990,ETH,8,,"Stade Charléty, Paris (FRA)",01 JUL 2017,1179
27,7:39.91,Zouhaïr AWAD,07 APR 1989,BRN,4,,"Complexe Sportif Prince Moulay Abdellah, Rabat (MAR)",16 JUL 2017,1177
28,7:39.97,Davis KIPLANGAT,10 JUL 1998,KEN,2,,"Sports Park Mladost, Zagreb (CRO)",29 AUG 2017,1177
29,7:40.34,Adel MECHAAL,05 DEC 1990,ESP,2,,"Alexander Stadium, Birmingham (GBR)",20 AUG 2017,1174
30,7:40.36,Eric JENKINS,24 NOV 1991,USA,9,,"Olympic Stadium, London (GBR)",09 JUL 2017,1174
31,7:40.49,Mohammed AHMED,05 JAN 1991,CAN,3,,"Sports Park Mladost, Zagreb (CRO)",29 AUG 2017,1173
32,7:40.55,Ilias FIFA,16 MAY 1989,ESP,5,,"Complexe Sportif Prince Moulay Abdellah, Rabat (MAR)",16 JUL 2017,1173
33,7:40.63,Davis KIPLANGAT,10 JUL 1998,KEN,3,,"Alexander Stadium, Birmingham (GBR)",20 AUG 2017,1172
34,7:40.97,Muktar EDRIS,14 JAN 1994,ETH,6,,"Suhaim bin Hamad Stadium, Doha (QAT)",05 MAY 2017,1170
35,7:41.03,Sam MCENTEE,03 FEB 1992,AUS,10,,"Olympic Stadium, London (GBR)",09 JUL 2017,1170
36,7:41.20,Mo FARAH,23 MAR 1983,GBR,1,,Kingston (JAM),10 JUN 2017,1169
37,7:41.43,Patrick TIERNAN,11 SEP 1994,AUS,4,,"Sports Park Mladost, Zagreb (CRO)",29 AUG 2017,1168
38,7:41.62,Patrick TIERNAN,11 SEP 1994,AUS,2,,Kingston (JAM),10 JUN 2017,1166
39,7:41.87,Kemoy CAMPBELL,14 JAN 1991,JAM,3,,Kingston (JAM),10 JUN 2017,1165
40,7:41.88,Brahim KAAZOUZI,15 JUN 1990,MAR,6,,"Complexe Sportif Prince Moulay Abdellah, Rabat (MAR)",16 JUL 2017,1165
41,7:42.19,Ryan GREGSON,26 APR 1990,AUS,7,,"Complexe Sportif Prince Moulay Abdellah, Rabat (MAR)",16 JUL 2017,1163
42,7:42.22,Nick GOOLAB,30 JAN 1990,GBR,11,,"Olympic Stadium, London (GBR)",09 JUL 2017,1163
43,7:42.56,Frank NGELEL,02 MAR 1992,KEN,8,,"Complexe Sportif Prince Moulay Abdellah, Rabat (MAR)",16 JUL 2017,1161
44,7:43.20,Edwin Cheruiyot SOI,03 MAR 1986,KEN,9,,"Complexe Sportif Prince Moulay Abdellah, Rabat (MAR)",16 JUL 2017,1157
45,7:43.37,Marc SCOTT,21 DEC 1993,GBR,12,,"Olympic Stadium, London (GBR)",09 JUL 2017,1156
46,7:43.39,Silas KIPLAGAT,20 AUG 1989,KEN,5,,"Sports Park Mladost, Zagreb (CRO)",29 AUG 2017,1155
47,7:43.57,Bethwell BIRGEN,06 AUG 1988,KEN,9,,"Stade Charléty, Paris (FRA)",01 JUL 2017,1154
48,7:43.73,Jacob KIPLIMO,14 NOV 2000,UGA,7,,"Suhaim bin Hamad Stadium, Doha (QAT)",05 MAY 2017,1153
49,7:43.81,Ryan HILL,31 JAN 1990,USA,13,,"Olympic Stadium, London (GBR)",09 JUL 2017,1153
50,7:43.96,Abdelaati IGUIDER,25 MAR 1987,MAR,10,,"Stade Charléty, Paris (FRA)",01 JUL 2017,1152
51,7:44.10,Andrew BUTCHART,14 OCT 1991,GBR,4,,"Alexander Stadium, Birmingham (GBR)",20 AUG 2017,1151
52,7:44.20,Bethwell BIRGEN,06 AUG 1988,KEN,6,,"Sports Park Mladost, Zagreb (CRO)",29 AUG 2017,1150
53,7:44.24,Collins CHEBOI,25 SEP 1987,KEN,4,,Kingston (JAM),10 JUN 2017,1150
54,7:44.33,Jonathan Muia NDIKU,18 SEP 1991,KEN,11,,"Stade Charléty, Paris (FRA)",01 JUL 2017,1150
55,7:44.36,Ben TRUE,29 DEC 1985,USA,7,,"Sports Park Mladost, Zagreb (CRO)",29 AUG 2017,1150
56,7:44.43,Ben BLANKENSHIP,15 DEC 1988,USA,8,,"Sports Park Mladost, Zagreb (CRO)",29 AUG 2017,1149
57,7:44.69,Albert ROP,17 JUL 1992,BRN,12,,"Stade Charléty, Paris (FRA)",01 JUL 2017,1147
58,7:44.90,Kemoy CAMPBELL,14 JAN 1991,JAM,1,,"Concord, MA (USA)",01 JUN 2017,1146
59,7:45.11,Thomas CURTIN,08 AUG 1993,USA,2,,"Concord, MA (USA)",01 JUN 2017,1145
60,7:45.13,Collins CHEBOI,25 SEP 1987,KEN,10,,"Complexe Sportif Prince Moulay Abdellah, Rabat (MAR)",16 JUL 2017,1145
61,7:45.36,Andrew BUTCHART,14 OCT 1991,GBR,8,,"Suhaim bin Hamad Stadium, Doha (QAT)",05 MAY 2017,1143
62,7:45.80,Zouhaïr AWAD,07 APR 1989,BRN,1,,"Paavo Nurmi Stadium, Turku (FIN)",13 JUN 2017,1141
63,7:46.72,Tariq Ahmed AL AMRI,23 DEC 1990,KSA,9,,"Suhaim bin Hamad Stadium, Doha (QAT)",05 MAY 2017,1135
64,7:46.89,Lucas BRUCHET,23 FEB 1991,CAN,3,,"Concord, MA (USA)",01 JUN 2017,1134
65,7:46.99,Patrick TIERNAN,11 SEP 1994,AUS,5,,"Alexander Stadium, Birmingham (GBR)",20 AUG 2017,1133
66,7:47.00,Ben TRUE,29 DEC 1985,USA,10,,"Suhaim bin Hamad Stadium, Doha (QAT)",05 MAY 2017,1133
67,7:47.16,Selemon BAREGA,20 JAN 2000,ETH,1,,"Kasarani, Nairobi (KEN)",16 JUL 2017,1132
68,7:47.28,Bethwell BIRGEN,06 AUG 1988,KEN,11,,"Complexe Sportif Prince Moulay Abdellah, Rabat (MAR)",16 JUL 2017,1132
69,7:47.42,Donald CABRAL,12 DEC 1989,USA,4,,"Concord, MA (USA)",01 JUN 2017,1131
70,7:47.47,Brandon DOUGHTY,14 MAY 1993,USA,5,,"Concord, MA (USA)",01 JUN 2017,1131
71,7:47.65,Stewart MCSWEYN,01 JUN 1995,AUS,2,,"Paavo Nurmi Stadium, Turku (FIN)",13 JUN 2017,1129
72,7:47.66,Travis MAHONEY,25 JUL 1990,USA,6,,"Concord, MA (USA)",01 JUN 2017,1129
73,7:47.96,Paul CHELIMO,27 OCT 1990,USA,1,,"New York, NY (USA)",06 JUL 2017,1128
74,7:48.12,Edwin Cheruiyot SOI,03 MAR 1986,KEN,11,,"Suhaim bin Hamad Stadium, Doha (QAT)",05 MAY 2017,1127
75,7:48.14,Antonio ABADÍA,02 JUL 1990,ESP,14,,"Olympic Stadium, London (GBR)",09 JUL 2017,1126
76,7:48.58,Paul CHELIMO,27 OCT 1990,USA,1,,"San Francisco, CA (USA)",29 JUN 2017,1124
77,7:48.64,Craig LUTZ,07 NOV 1992,USA,7,,"Concord, MA (USA)",01 JUN 2017,1123
78,7:48.77,Lopez LOMONG,01 JAN 1985,USA,2,,"New York, NY (USA)",06 JUL 2017,1123
79,7:48.79,Riley MASTERS,05 APR 1990,USA,15,,"Olympic Stadium, London (GBR)",09 JUL 2017,1123
80,7:49.00,Conseslus KIPRUTO,08 DEC 1994,KEN,12,,"Suhaim bin Hamad Stadium, Doha (QAT)",05 MAY 2017,1121
81,7:49.12,Graham CRAWFORD,29 DEC 1992,USA,3,,"New York, NY (USA)",06 JUL 2017,1121
82,7:49.17,Edward Zakayo PINGUA,25 NOV 2001,KEN,2,,"Kasarani, Nairobi (KEN)",16 JUL 2017,1120
83,7:49.75,Hayle IBRAHIMOV,18 JAN 1990,AZE,13,,"Suhaim bin Hamad Stadium, Doha (QAT)",05 MAY 2017,1117
84,7:49.84,Dawit WOLDE,19 MAY 1991,ETH,3,,"Paavo Nurmi Stadium, Turku (FIN)",13 JUN 2017,1116
85,7:49.92,Richard RINGER,27 FEB 1989,GER,6,,"Alexander Stadium, Birmingham (GBR)",20 AUG 2017,1116
86,7:49.93,Graham CRAWFORD,29 DEC 1992,USA,2,,"San Francisco, CA (USA)",29 JUN 2017,1116
87,7:50.26,Reid BUCHANAN,03 FEB 1993,USA,1f1,,Cork (IRL),18 JUL 2017,1114
88,7:50.47,Collis BIRMINGHAM,27 DEC 1984,AUS,2f1,,Cork (IRL),18 JUL 2017,1112
89,7:50.54,Vincent KIBET,06 MAY 1991,KEN,12,,"Complexe Sportif Prince Moulay Abdellah, Rabat (MAR)",16 JUL 2017,1112
90,7:50.55,Nixon Kiplimo CHEPSEBA,12 DEC 1990,KEN,5,,Kingston (JAM),10 JUN 2017,1112
91,7:50.64,Stanley Waithaka MBURU,09 APR 2000,KEN,3,,"Kasarani, Nairobi (KEN)",16 JUL 2017,1111
92,7:50.65,Alfred BARKACH,02 MAR 1997,KEN,6,,Kingston (JAM),10 JUN 2017,1111
93,7:50.68,Bernard MUIA,26 MAY 1995,KEN,1f5,,Setagaya (JPN),08 APR 2017,1111
94,7:51.09,Hassan MEAD,28 AUG 1989,USA,7,,"Alexander Stadium, Birmingham (GBR)",20 AUG 2017,1109
95,7:51.12,Anthony ROTICH,20 OCT 1990,USA,4,,"New York, NY (USA)",06 JUL 2017,1108
96,7:51.17,Cornelius KANGOGO,15 DEC 1993,KEN,1f1,,Göteborg (SWE),11 JUL 2017,1108
97,7:51.20,Lopez LOMONG,01 JAN 1985,USA,3,,"San Francisco, CA (USA)",29 JUN 2017,1108
98,7:51.26,Simon DEBOGNIES,16 JUL 1996,BEL,1f1,,Huizingen (BEL),10 JUN 2017,1108
99,7:51.39,Jakub HOLUŠA,20 FEB 1988,CZE,1,,Montgeron (FRA),14 MAY 2017,1107
100,7:51.41,Leonard KORIR,10 DEC 1986,USA,,,"Hayward Field, Eugene, OR (USA)",27 MAY 2017,1107
101,7:51.48,Amos KIRUI,09 FEB 1998,KEN,2f5,,Setagaya (JPN),08 APR 2017,1106
101,7:51.48,Altobeli SILVA,03 DEC 1990,BRA,1,,Nembro (ITA),07 JUL 2017,1106
103,7:51.55,Geoffrey KAMWOROR,22 NOV 1992,KEN,,,"Hayward Field, Eugene, OR (USA)",27 MAY 2017,1106
104,7:51.74,Stephen SAMBU,07 JUL 1988,KEN,,,"Hayward Field, Eugene, OR (USA)",27 MAY 2017,1105
105,7:51.83,Mo FARAH,23 MAR 1983,GBR,,,"Hayward Field, Eugene, OR (USA)",27 MAY 2017,1104
106,7:51.95,Yomif KEJELCHA,01 AUG 1997,ETH,,,"Hayward Field, Eugene, OR (USA)",27 MAY 2017,1104
107,7:52.03,Hiko Tonosa HASO,09 OCT 1995,ETH,3f1,,Cork (IRL),18 JUL 2017,1103
108,7:52.04,Mason FERLIC,05 AUG 1993,USA,5,,"New York, NY (USA)",06 JUL 2017,1103
109,7:52.10,Altobeli SILVA,03 DEC 1990,BRA,2f1,,Göteborg (SWE),11 JUL 2017,1103
110,7:52.17,Joshua CHEPTEGEI,12 SEP 1996,UGA,,,"Hayward Field, Eugene, OR (USA)",27 MAY 2017,1102
111,7:52.19,Aron KIFLE,20 FEB 1998,ERI,,,"Hayward Field, Eugene, OR (USA)",27 MAY 2017,1102
112,7:52.20,Donald CABRAL,12 DEC 1989,USA,4,,"San Francisco, CA (USA)",29 JUN 2017,1102
113,7:52.29,Julian OAKLEY,23 JUN 1993,NZL,4f1,,Cork (IRL),18 JUL 2017,1101
114,7:52.33,Leonard BARSOTON,21 OCT 1994,KEN,,,"Hayward Field, Eugene, OR (USA)",27 MAY 2017,1101
114,7:52.33,Anthony ROTICH,20 OCT 1990,USA,5,,"San Francisco, CA (USA)",29 JUN 2017,1101
116,7:52.35,Jacob KIPLIMO,14 NOV 2000,UGA,,,"Hayward Field, Eugene, OR (USA)",27 MAY 2017,1101
117,7:52.54,Getaneh MOLLA,10 JAN 1994,ETH,,,"Hayward Field, Eugene, OR (USA)",27 MAY 2017,1100
118,7:52.55,Sondre Nordstad MOEN,12 JAN 1991,NOR,2,,Nembro (ITA),07 JUL 2017,1100
119,7:52.56,Paul CHELIMO,27 OCT 1990,USA,,,"Hayward Field, Eugene, OR (USA)",27 MAY 2017,1100
120,7:52.67,Paul Kipngetich TANUI,22 DEC 1990,KEN,1,,"Todoroki Stadium, Kawasaki (JPN)",21 MAY 2017,1099
121,7:52.68,Evans Keitany KIPTUM,27 NOV 1999,KEN,2,,"Todoroki Stadium, Kawasaki (JPN)",21 MAY 2017,1099
122,7:52.70,Jack RAYNER,19 DEC 1995,AUS,1,,"National Stadium, Kingston (JAM)",20 MAY 2017,1099
122,7:52.70,Tetsuya YOROIZAKA,20 MAR 1990,JPN,1,,Kitami (JPN),09 JUL 2017,1099
124,7:52.77,Mohammed AHMED,05 JAN 1991,CAN,,,"Hayward Field, Eugene, OR (USA)",27 MAY 2017,1099
125,7:52.78,Donald CABRAL,12 DEC 1989,USA,6,,"New York, NY (USA)",06 JUL 2017,1099
126,7:52.79,Andrew BAYER,03 FEB 1990,USA,2,,"National Stadium, Kingston (JAM)",20 MAY 2017,1098
127,7:52.82,Jordan GUSMAN,30 JAN 1994,AUS,1f1,,Sydney (AUS),11 NOV 2017,1098
128,7:52.86,Nicholas Mboroto KOSIMBEI,01 OCT 1996,KEN,,,"Hayward Field, Eugene, OR (USA)",27 MAY 2017,1098
129,7:52.98,Birhanu BALEW,27 FEB 1996,BRN,14,,"Suhaim bin Hamad Stadium, Doha (QAT)",05 MAY 2017,1097
129,7:52.98,Trevor DUNBAR,29 APR 1991,USA,3,,"National Stadium, Kingston (JAM)",20 MAY 2017,1097
129,7:52.98,Caleb Mwangangi NDIKU,09 OCT 1992,KEN,,,"Hayward Field, Eugene, OR (USA)",27 MAY 2017,1097
132,7:53.09,Albert ROP,17 JUL 1992,BRN,,,"Hayward Field, Eugene, OR (USA)",27 MAY 2017,1097
133,7:53.20,Chala REGASA,30 APR 1997,ETH,1,,"x-bionic sphere, Šamorín (SVK)",17 JUN 2017,1096
134,7:53.32,Eric JENKINS,24 NOV 1991,USA,,,"Hayward Field, Eugene, OR (USA)",27 MAY 2017,1095
135,7:53.48,Sam MCENTEE,03 FEB 1992,AUS,4,,"National Stadium, Kingston (JAM)",20 MAY 2017,1094
136,7:53.52,Travis MAHONEY,25 JUL 1990,USA,6,,"San Francisco, CA (USA)",29 JUN 2017,1094
137,7:53.58,Patrick TIERNAN,11 SEP 1994,AUS,,,"Hayward Field, Eugene, OR (USA)",27 MAY 2017,1094
138,7:53.77,Edward Zakayo PINGUA,25 NOV 2001,KEN,1,,Nairobi (KEN),14 JUN 2017,1093
139,7:53.81,Tesfaye GIRMA,24 JAN 1997,ETH,2,,"x-bionic sphere, Šamorín (SVK)",17 JUN 2017,1092
140,7:53.82,Mason FERLIC,05 AUG 1993,USA,7,,"San Francisco, CA (USA)",29 JUN 2017,1092
141,7:53.83,Andrew BUTCHART,14 OCT 1991,GBR,,,"Hayward Field, Eugene, OR (USA)",27 MAY 2017,1092
142,7:53.85,Kemoy CAMPBELL,14 JAN 1991,JAM,5,,"National Stadium, Kingston (JAM)",20 MAY 2017,1092
143,7:54.01,Ben CONNOR,17 OCT 1992,GBR,5f1,,Cork (IRL),18 JUL 2017,1091
144,7:54.05,Joe STILIN,05 DEC 1989,USA,8,,"Concord, MA (USA)",01 JUN 2017,1091
145,7:54.11,Paul Kipngetich TANUI,22 DEC 1990,KEN,,,"Hayward Field, Eugene, OR (USA)",27 MAY 2017,1091
145,7:54.11,Takashi ICHIDA,16 JUN 1992,JPN,2,,Kitami (JPN),09 JUL 2017,1091
147,7:54.21,Stanley Kipkoech KEBENEI,06 NOV 1989,USA,6,,"National Stadium, Kingston (JAM)",20 MAY 2017,1090
148,7:54.33,Hiroki MATSUEDA,20 MAY 1993,JPN,3,,"Todoroki Stadium, Kawasaki (JPN)",21 MAY 2017,1089
149,7:54.38,William Malel SITONIK,01 MAR 1994,KEN,,,"Hayward Field, Eugene, OR (USA)",27 MAY 2017,1089
150,7:54.53,Caleb Mwangangi NDIKU,09 OCT 1992,KEN,4,,"Paavo Nurmi Stadium, Turku (FIN)",13 JUN 2017,1088
151,7:54.56,Jesper VAN DER WIELEN,02 AUG 1991,NED,2,,Montgeron (FRA),14 MAY 2017,1088
152,7:54.62,Phillip KIPYEKO,10 JAN 1995,UGA,3f1,,Göteborg (SWE),11 JUL 2017,1088
153,7:54.63,Bashir ABDI,10 FEB 1989,BEL,,,"Hayward Field, Eugene, OR (USA)",27 MAY 2017,1087
154,7:54.66,Per SVELA,19 MAR 1992,NOR,1,,"Bislett Stadion, Oslo (NOR)",15 JUN 2017,1087
155,7:54.73,Andrew COLLEY,01 APR 1991,USA,9,,"Concord, MA (USA)",01 JUN 2017,1087
156,7:54.76,Ben TRUE,29 DEC 1985,USA,,,"Hayward Field, Eugene, OR (USA)",27 MAY 2017,1087
157,7:54.79,Hyuga ENDO,05 AUG 1998,JPN,3,,Kitami (JPN),09 JUL 2017,1087
158,7:54.96,Joe STILIN,05 DEC 1989,USA,6f1,,Cork (IRL),18 JUL 2017,1086
159,7:55.29,Milkesa MENGESHA,16 APR 2000,ETH,4,,"Kasarani, Nairobi (KEN)",16 JUL 2017,1084
160,7:55.31,Yemaneberhan CRIPPA,15 OCT 1996,ITA,13,,"Stade Charléty, Paris (FRA)",01 JUL 2017,1083
161,7:55.33,Philimon KIPKORIR,18 JAN 1988,KEN,1,,Conegliano (ITA),16 JUN 2017,1083
162,7:55.41,Josphat Kiprono MENJO,20 AUG 1979,KEN,1f1,,Kessel-Lo (BEL),19 AUG 2017,1083
163,7:55.44,Seki HAYATO,11 APR 1997,JPN,4,,"Todoroki Stadium, Kawasaki (JPN)",21 MAY 2017,1083
164,7:55.55,Soufiane BOUCHIKHI,22 MAR 1990,BEL,8,,"Alexander Stadium, Birmingham (GBR)",20 AUG 2017,1082
165,7:55.65,Dewi GRIFFITHS,09 AUG 1991,GBR,7f1,,Cork (IRL),18 JUL 2017,1081
166,7:55.73,Adel MECHAAL,05 DEC 1990,ESP,1,,Ciudad Real (ESP),17 JUN 2017,1081
166,7:55.73,Selemon BAREGA,20 JAN 2000,ETH,1h1,,"Kasarani, Nairobi (KEN)",13 JUL 2017,1081
168,7:55.79,Jordan MANN,12 JAN 1993,USA,10,,"Concord, MA (USA)",01 JUN 2017,1081
169,7:55.83,Ryan MAHALSKY,27 APR 1993,USA,11,,"Concord, MA (USA)",01 JUN 2017,1080
170,7:55.99,Stanley Waithaka MBURU,09 APR 2000,KEN,2,,Nairobi (KEN),14 JUN 2017,1079
171,7:56.05,Chiharu NAKAGAWA,08 APR 1986,JPN,4,,Kitami (JPN),09 JUL 2017,1079
172,7:56.29,Ross PROUDFOOT,04 JUL 1992,CAN,12,,"Concord, MA (USA)",01 JUN 2017,1078
173,7:56.30,Ilham Tanui ÖZBILEN,05 MAR 1990,TUR,3,,"x-bionic sphere, Šamorín (SVK)",17 JUN 2017,1078
174,7:56.35,Haftu TEKLU,21 JAN 2000,ETH,4,,"x-bionic sphere, Šamorín (SVK)",17 JUN 2017,1077
175,7:56.59,Jordan MANN,12 JAN 1993,USA,8f1,,Cork (IRL),18 JUL 2017,1076
176,7:56.88,Aaron NELSON,16 JUL 1992,USA,13,,"Concord, MA (USA)",01 JUN 2017,1074
177,7:57.12,Mahiedine MEKHISSI,15 MAR 1985,FRA,9,,"Sports Park Mladost, Zagreb (CRO)",29 AUG 2017,1073
178,7:57.20,Liam DEE,23 MAY 1996,GBR,14,,"Concord, MA (USA)",01 JUN 2017,1072
178,7:57.20,Mason FERLIC,05 AUG 1993,USA,15,,"Concord, MA (USA)",01 JUN 2017,1072
180,7:57.45,Jamal HITRANE,01 SEP 1989,MAR,3,,Montgeron (FRA),14 MAY 2017,1071
181,7:57.47,Jaouad CHEMLAL,11 APR 1994,MAR,3,,Nembro (ITA),07 JUL 2017,1071
182,7:57.50,Brian DOYLE,23 JUL 1992,USA,16,,"Concord, MA (USA)",01 JUN 2017,1070
183,7:57.57,Dino BOŠNJAK,21 JAN 1994,CRO,10,,"Sports Park Mladost, Zagreb (CRO)",29 AUG 2017,1070
184,7:57.60,Jakub HOLUŠA,20 FEB 1988,CZE,1,,"Stadium Lille Métropole, Villeneuve d'Ascq (FRA)",25 JUN 2017,1070
185,7:57.64,Nick GOOLAB,30 JAN 1990,GBR,1,,Loughborough (GBR),21 MAY 2017,1070
186,7:57.71,Nick GOOLAB,30 JAN 1990,GBR,1f2,,Watford (GBR),03 MAY 2017,1069
187,7:57.76,Joshua THOMPSON,09 MAY 1993,USA,7,,"New York, NY (USA)",06 JUL 2017,1069
188,7:57.98,Per SVELA,19 MAR 1992,NOR,1,,Bergen (NOR),18 MAY 2017,1068
189,7:58.00,Ryo MATSUMOTO,19 OCT 1990,JPN,5,,Kitami (JPN),09 JUL 2017,1068
190,7:58.03,Yuichiro UENO,29 JUL 1985,JPN,3f5,,Setagaya (JPN),08 APR 2017,1067
191,7:58.08,Stewart MCSWEYN,01 JUN 1995,AUS,1,,Kuortane (FIN),17 JUN 2017,1067
192,7:58.34,Rorey HUNTER,02 FEB 1993,AUS,7,,Kingston (JAM),10 JUN 2017,1066
193,7:58.35,Aweke AYALEW,23 FEB 1993,BRN,5,,"x-bionic sphere, Šamorín (SVK)",17 JUN 2017,1065
194,7:58.40,Tetsuya YOROIZAKA,20 MAR 1990,JPN,5,,"Todoroki Stadium, Kawasaki (JPN)",21 MAY 2017,1065
195,7:58.52,Marc SCOTT,21 DEC 1993,GBR,2,,"Stadium Lille Métropole, Villeneuve d'Ascq (FRA)",25 JUN 2017,1064
196,7:58.57,Daniel MATEO,31 AUG 1989,ESP,2f1,,Huizingen (BEL),10 JUN 2017,1064
196,7:58.57,Ryan GREGSON,26 APR 1990,AUS,11,,"Sports Park Mladost, Zagreb (CRO)",29 AUG 2017,1064
198,7:58.81,Philimon KIPKORIR,18 JAN 1988,KEN,4,,Nembro (ITA),07 JUL 2017,1063
199,7:58.90,Marius VEDVIK,18 MAR 1992,NOR,2,,"Bislett Stadion, Oslo (NOR)",15 JUN 2017,1062
200,7:58.92,Benjámin KOVÁCS,24 JAN 1995,HUN,1f1,,Karlstad (SWE),25 JUL 2017,1062
201,7:58.97,Carlos MAYO,18 SEP 1995,ESP,3,,"Stadium Lille Métropole, Villeneuve d'Ascq (FRA)",25 JUN 2017,1062
202,7:59.04,Kazuma TAIRA,05 NOV 1994,JPN,1,,Lapinlahti (FIN),16 JUL 2017,1061
203,7:59.39,Jordan MCNAMARA,07 MAR 1987,USA,8,,Kingston (JAM),10 JUN 2017,1059
204,7:59.54,Ali KAYA,20 APR 1994,TUR,1,,"Kaarlen kenttä, Vaasa (FIN)",25 JUN 2017,1058
204,7:59.54,Stanley Waithaka MBURU,09 APR 2000,KEN,2h1,,"Kasarani, Nairobi (KEN)",13 JUL 2017,1058
206,7:59.60,Seki HAYATO,11 APR 1997,JPN,2,,Lapinlahti (FIN),16 JUL 2017,1058
207,7:59.61,Yoann KOWAL,28 MAY 1987,FRA,4,,"Stadium Lille Métropole, Villeneuve d'Ascq (FRA)",25 JUN 2017,1058
208,7:59.64,Younéss ESSALHI,20 FEB 1993,MAR,1,,Berkane (MAR),16 APR 2017,1058
209,7:59.66,Rowan AXE,17 MAY 1991,GBR,2f2,,Watford (GBR),03 MAY 2017,1058
210,7:59.71,Robert Kiprop KOECH,25 FEB 1997,KEN,3,,Nairobi (KEN),14 JUN 2017,1057
211,7:59.86,Per SVELA,19 MAR 1992,NOR,2f1,,Karlstad (SWE),25 JUL 2017,1057
212,7:59.93,Marco Najibe SALAMI,07 JUL 1985,ITA,5,,Nembro (ITA),07 JUL 2017,1056
213,8:00.0h,Victor KURGAT,2001,KEN,1h1,,Eldoret (KEN),25 MAY 2017,1056
214,8:00.01,Jakob INGEBRIGTSEN,19 SEP 2000,NOR,1,,Bergen (NOR),01 SEP 2017,1056
215,8:00.17,Ismael DEBJANI,25 SEP 1990,BEL,1f1,,Herentals (BEL),01 MAY 2017,1055
216,8:00.21,Tim VAN DE VELDE,01 FEB 2000,BEL,2f1,,Herentals (BEL),01 MAY 2017,1055
217,8:00.22,Monatcer ZAGHOU,01 JAN 1989,MAR,2,,Berkane (MAR),16 APR 2017,1054
218,8:00.3h,Stanley BOR,,KEN,2h1,,Eldoret (KEN),25 MAY 2017,1054
219,8:00.48,Travis MAHONEY,25 JUL 1990,USA,8,,"New York, NY (USA)",06 JUL 2017,1053
220,8:00.52,Marcel FEHR,20 JUN 1992,GER,5,,"Stadium Lille Métropole, Villeneuve d'Ascq (FRA)",25 JUN 2017,1053
221,8:00.62,Jake SHELLEY,16 MAR 1991,GBR,3f2,,Watford (GBR),03 MAY 2017,1052
222,8:00.66,James WEST,30 JAN 1996,GBR,1f1,,Watford (GBR),26 JUL 2017,1052
223,8:00.85,Sam MCENTEE,03 FEB 1992,AUS,9,,Kingston (JAM),10 JUN 2017,1051
223,8:00.85,Yoshihiro NISHIZAWA,03 DEC 1992,JPN,6,,Kitami (JPN),09 JUL 2017,1051
225,8:01.17,Donnie COWART,24 OCT 1985,USA,7,,"National Stadium, Kingston (JAM)",20 MAY 2017,1049
225,8:01.17,Kieran CLEMENTS,20 NOV 1993,GBR,2f1,,Watford (GBR),26 JUL 2017,1049
227,8:01.23,Marius VEDVIK,18 MAR 1992,NOR,2,,Bergen (NOR),18 MAY 2017,1049
228,8:01.26,Omar Ait CHITACHEN,15 MAR 1995,MAR,3,,Berkane (MAR),16 APR 2017,1048
229,8:01.27,Elroy GELANT,25 AUG 1986,RSA,1,,Potchefstroom (RSA),04 APR 2017,1048
230,8:01.28,Sam STABLER,17 MAY 1992,GBR,4f2,,Watford (GBR),03 MAY 2017,1048
231,8:01.37,Abdelmjid ED DERRAZ,30 MAY 1992,ITA,6,,Nembro (ITA),07 JUL 2017,1048
232,8:01.45,Sam CHEROP,19 JAN 1997,UGA,1,,Nivelles (BEL),24 JUN 2017,1047
233,8:01.50,Moses KOECH,05 AUG 1997,KEN,4f1,,Göteborg (SWE),11 JUL 2017,1047
234,8:01.56,Jonathan TAYLOR,10 OCT 1987,GBR,2,,Loughborough (GBR),21 MAY 2017,1047
235,8:01.58,Matthew BERGIN,02 MAR 1993,IRL,3f1,,Watford (GBR),26 JUL 2017,1046
236,8:01.6h,Edward Zakayo PINGUA,25 NOV 2001,KEN,1,,Eldoret (KEN),26 MAY 2017,1046
236,8:01.60,Daniel LUNDGREN,04 JUL 1985,SWE,3f1,,Karlstad (SWE),25 JUL 2017,1046
238,8:01.75,Abel Boniface SIKOWO,27 FEB 1999,UGA,1f1,,Oordegem (BEL),03 JUN 2017,1045
239,8:01.79,Robbie FITZGIBBON,23 MAR 1996,GBR,4f1,,Watford (GBR),26 JUL 2017,1045
240,8:01.80,Yassin BOUIH,24 NOV 1996,ITA,6,,"Stadium Lille Métropole, Villeneuve d'Ascq (FRA)",25 JUN 2017,1045
241,8:01.81,Marius VEDVIK,18 MAR 1992,NOR,1,,Hamar (NOR),16 AUG 2017,1045
242,8:01.98,Suldan HASSAN,01 APR 1998,SWE,4f1,,Karlstad (SWE),25 JUL 2017,1044
243,8:01.99,Soufiane BOUCHIKHI,22 MAR 1990,BEL,1,,Bruxelles (BEL),14 MAY 2017,1044
244,8:02.00,Bernard MUIA,26 MAY 1995,KEN,6,,"Todoroki Stadium, Kawasaki (JPN)",21 MAY 2017,1044
245,8:02.06,Adil BOUIDA,,MAR,4,,Berkane (MAR),16 APR 2017,1044
246,8:02.07,Zerei Kbrom MEZNGI,12 JAN 1986,NOR,3,,"Bislett Stadion, Oslo (NOR)",15 JUN 2017,1044
247,8:02.11,Stanislav MASLOV,19 JAN 1989,UKR,7,,"Stadium Lille Métropole, Villeneuve d'Ascq (FRA)",25 JUN 2017,1043
248,8:02.12,Jean-Pierre WEERTS,20 JUN 1986,BEL,2f1,,Kessel-Lo (BEL),19 AUG 2017,1043
249,8:02.17,Jimmy GRESSIER,04 MAY 1997,FRA,4,,Montgeron (FRA),14 MAY 2017,1043
249,8:02.17,Per SVELA,19 MAR 1992,NOR,2,,"Kaarlen kenttä, Vaasa (FIN)",25 JUN 2017,1043
251,8:02.19,Jacob ARAPTANY,11 FEB 1992,UGA,2,,Nivelles (BEL),24 JUN 2017,1043
252,8:02.30,Mohamed FARES,06 FEB 1991,MAR,5,,Berkane (MAR),16 APR 2017,1042
253,8:02.32,Ronald Nigigi KARIUKI,20 AUG 1988,KEN,1f2,,Andorf (AUT),29 JUL 2017,1042
254,8:02.34,Shota ONIZUKA,13 SEP 1997,JPN,3,,Lapinlahti (FIN),16 JUL 2017,1042
255,8:02.47,Mohammed MEFTAH EL KHAIR,09 JAN 1989,MAR,6,,Berkane (MAR),16 APR 2017,1041
256,8:02.49,Younéss ESSALHI,20 FEB 1993,MAR,1,,Kenitra (MAR),09 APR 2017,1041
257,8:02.52,Hashim Mohamed SALAH,15 APR 1994,QAT,3f1,,Kessel-Lo (BEL),19 AUG 2017,1041
258,8:02.60,Rowan AXE,17 MAY 1991,GBR,3,,Loughborough (GBR),21 MAY 2017,1041
258,8:02.60,Louis SERAFINI,20 SEP 1991,USA,17,,"Concord, MA (USA)",01 JUN 2017,1041
260,8:02.63,Andreas VOJTA,09 JUN 1989,AUT,6,,"x-bionic sphere, Šamorín (SVK)",17 JUN 2017,1040
261,8:02.65,Hamza LAMQARTASS,1996,MAR,7,,Berkane (MAR),16 APR 2017,1040
262,8:03.00,Ben BUCKINGHAM,08 NOV 1991,AUS,1f1,,Melbourne (AUS),09 NOV 2017,1038
263,8:03.01,Stefano GUIDOTTI ICARDI,01 JAN 1988,ITA,1f3,,Marina di Carrara (ITA),22 JUL 2017,1038
264,8:03.05,Altobeli SILVA,03 DEC 1990,BRA,1,,São Paulo (BRA),18 FEB 2017,1038
265,8:03.09,Suldan HASSAN,01 APR 1998,SWE,1f1,,Watford (GBR),24 JUN 2017,1038
266,8:03.16,Suldan HASSAN,01 APR 1998,SWE,5f1,,Göteborg (SWE),11 JUL 2017,1037
267,8:03.19,Mohcin OUTALHA,15 DEC 1998,MAR,1,,Rabat (MAR),17 MAY 2017,1037
268,8:03.21,Simon BOCH,18 APR 1994,GER,1f1,,Neustadt (GER),30 JUN 2017,1037
269,8:03.30,Amanuel GERGIS,01 MAY 1996,SWE,5f1,,Karlstad (SWE),25 JUL 2017,1036
270,8:03.40,Tsubasa HAYAKAWA,02 JUL 1990,JPN,7,,Kitami (JPN),09 JUL 2017,1036
271,8:03.41,Bryce ANDERSON,18 OCT 1996,AUS,2f1,,Sydney (AUS),11 NOV 2017,1036
272,8:03.5h,Victor KURGAT,2001,KEN,2,,Eldoret (KEN),26 MAY 2017,1035
273,8:03.64,Nelson KIPKOGEI,09 MAR 1993,BRN,5,,"Paavo Nurmi Stadium, Turku (FIN)",13 JUN 2017,1034
274,8:03.79,Philip CORTVRIENDT,29 NOV 1994,BEL,4f1,,Kessel-Lo (BEL),19 AUG 2017,1034
275,8:03.81,Omar Ait CHITACHEN,15 MAR 1995,MAR,1,,Casablanca (MAR),09 APR 2017,1034
276,8:03.82,Fernando CARRO,01 APR 1992,ESP,2,,Ciudad Real (ESP),17 JUN 2017,1033
276,8:03.82,Kei FUMIMOTO,29 SEP 1992,JPN,4,,Lapinlahti (FIN),16 JUL 2017,1033
278,8:03.84,Philip SESEMANN,03 OCT 1992,GBR,2f1,,Watford (GBR),24 JUN 2017,1033
279,8:04.01,Said EL OTMANI,14 OCT 1991,ITA,2f3,,Marina di Carrara (ITA),22 JUL 2017,1032
280,8:04.15,Bjørnar Sandnes LILLEFOSSE,17 JUL 1992,NOR,4,,"Bislett Stadion, Oslo (NOR)",15 JUN 2017,1032
281,8:04.2h,Oscar MUNANGAT,2001,KEN,3,,Eldoret (KEN),26 MAY 2017,1031
282,8:04.21,Michael SOMERS,02 MAR 1995,BEL,5f1,,Kessel-Lo (BEL),19 AUG 2017,1031
283,8:04.25,Philip SESEMANN,03 OCT 1992,GBR,1f1,,Bedford (GBR),15 JUL 2017,1031
283,8:04.25,Zak PATTERSON,29 MAY 1995,AUS,2f1,,Melbourne (AUS),09 NOV 2017,1031
285,8:04.35,Gonzalo GARCÍA,26 JAN 1995,ESP,1f1,,Sevilla (ESP),23 DEC 2017,1030
286,8:04.48,Andrew HEYES,22 JUN 1990,GBR,6f1,,Göteborg (SWE),11 JUL 2017,1030
287,8:04.51,Adrian PLUMMER,18 SEP 1991,AUS,3f1,,Sydney (AUS),11 NOV 2017,1029
288,8:04.52,Christopher OLLEY,26 MAR 1996,GBR,5f1,,Watford (GBR),26 JUL 2017,1029
289,8:04.53,Mohamed ALI,11 NOV 1989,NED,2f1,,Oordegem (BEL),03 JUN 2017,1029
290,8:04.56,Cyrus RUTTO,21 APR 1992,KEN,14,,"Stade Charléty, Paris (FRA)",01 JUL 2017,1029
291,8:04.57,Jerry MOTSAU,12 MAR 1990,RSA,1,,Potchefstroom (RSA),15 MAR 2017,1029
292,8:04.64,Onesphore NZIKWINKUNDA,10 JUN 1997,BDI,3,,Nivelles (BEL),24 JUN 2017,1029
293,8:04.65,Marius VEDVIK,18 MAR 1992,NOR,6f1,,Karlstad (SWE),25 JUL 2017,1029
294,8:04.67,Albert CHEMUTAI,01 JUN 1995,UGA,3f3,,Marina di Carrara (ITA),22 JUL 2017,1029
295,8:04.70,Marcel FEHR,20 JUN 1992,GER,1,,Pliezhausen (GER),14 MAY 2017,1028
295,8:04.70,Amanal PETROS,17 MAY 1995,GER,3f1,,Huizingen (BEL),10 JUN 2017,1028
297,8:04.76,Mohamed AGOURRAM,11 JUL 1991,MAR,2,,Casablanca (MAR),09 APR 2017,1028
298,8:04.84,Yassine RACHIK,11 JUN 1993,ITA,7,,Nembro (ITA),07 JUL 2017,1028
299,8:04.85,Edward Zakayo PINGUA,25 NOV 2001,KEN,1h2,,"Kasarani, Nairobi (KEN)",13 JUL 2017,1027
300,8:04.86,Ryan DRISCOLL,25 JAN 1994,GBR,6f1,,Watford (GBR),26 JUL 2017,1027
301,8:04.92,David NILSSON,16 APR 1987,SWE,1f1,,Århus (DEN),02 JUN 2017,1027
302,8:04.99,El Hassan OUBADDI,20 SEP 1991,MAR,3,,Ciudad Real (ESP),17 JUN 2017,1027
303,8:05.0h,Kiprono SITONIK,01 NOV 2001,KEN,4,,Eldoret (KEN),26 MAY 2017,1027
304,8:05.11,Emmanuel ROUDOLFF,30 JUL 1995,FRA,4,,Nivelles (BEL),24 JUN 2017,1026
305,8:05.16,Rantso MOKOPANE,08 AUG 1994,RSA,1,,Potchefstroom (RSA),14 FEB 2017,1026
305,8:05.16,Dewi GRIFFITHS,09 AUG 1991,GBR,2f1,,Bedford (GBR),15 JUL 2017,1026
307,8:05.24,John SANDERSON,27 FEB 1993,GBR,7f1,,Watford (GBR),26 JUL 2017,1025
308,8:05.25,Hamish CARSON,01 NOV 1988,NZL,1f2,,Wellington (NZL),20 JAN 2017,1025
308,8:05.25,Stefan HETTICH,04 JUN 1992,GER,2,,Pliezhausen (GER),14 MAY 2017,1025
310,8:05.30,James HANSEN,27 NOV 1993,AUS,3f1,,Melbourne (AUS),09 NOV 2017,1025
311,8:05.32,Luca NOTI,22 NOV 1995,SUI,6f1,,Kessel-Lo (BEL),19 AUG 2017,1025
312,8:05.38,Alfredo SANTANA,08 APR 1991,PUR,18,,"Concord, MA (USA)",01 JUN 2017,1024
313,8:05.45,Davis KIPLANGAT,10 JUL 1998,KEN,1,,Ankara (TUR),07 JUN 2017,1024
314,8:05.50,Selemon BAREGA,20 JAN 2000,ETH,1,,Assela (ETH),17 JUN 2017,1024
315,8:05.59,Amanuel GERGIS,01 MAY 1996,SWE,3f1,,Oordegem (BEL),03 JUN 2017,1023
316,8:05.60,Albert CHEMUTAI,01 JUN 1995,UGA,1f1,,Firenze (ITA),29 APR 2017,1023
317,8:05.61,Patrick CASEY,23 MAY 1990,USA,1,,"Eugene, OR (USA)",05 MAY 2017,1023
318,8:05.67,Karsten MEIER,19 DEC 1991,GER,7f1,,Kessel-Lo (BEL),19 AUG 2017,1023
319,8:05.7h,Kelvin KIBIWOTT,02 JUN 2000,KEN,5,,Eldoret (KEN),26 MAY 2017,1023
320,8:05.73,Eric SPEAKMAN,29 AUG 1990,NZL,2f2,,Wellington (NZL),20 JAN 2017,1022
321,8:05.81,John GAY,07 NOV 1996,CAN,1,,Vancouver (CAN),28 JUN 2017,1022
322,8:05.82,Florian CARVALHO DE FONSESCO,09 MAR 1989,FRA,1,,Nemours (FRA),20 MAY 2017,1022
323,8:05.87,Jonas RAESS,08 MAR 1994,SUI,3,,Pliezhausen (GER),14 MAY 2017,1022
323,8:05.87,Milkesa MENGESHA,16 APR 2000,ETH,2h2,,"Kasarani, Nairobi (KEN)",13 JUL 2017,1022
325,8:05.88,Lamont MARSHALL,22 JUL 1984,BER,8,,"National Stadium, Kingston (JAM)",20 MAY 2017,1022
325,8:05.88,Benjamin CHOQUERT,17 APR 1986,FRA,4f1,,Oordegem (BEL),03 JUN 2017,1022
327,8:05.92,Thijs NIJHUIS,20 SEP 1992,DEN,2f1,,Århus (DEN),02 JUN 2017,1021
328,8:05.97,Valentin SMIRNOV,13 FEB 1986,ANA,1,,Lappeenranta (FIN),26 AUG 2017,1021
329,8:06.0h,Leonard Kipkemoi BETT,03 NOV 2000,KEN,3h1,,Eldoret (KEN),25 MAY 2017,1021
330,8:06.04,Simon DEBOGNIES,16 JUL 1996,BEL,2,,Bruxelles (BEL),14 MAY 2017,1021
331,8:06.14,Ed VINING,08 MAY 1990,AUS,4f1,,Sydney (AUS),11 NOV 2017,1020
332,8:06.32,Juan Antonio PÉREZ,06 NOV 1988,ESP,4,,Ciudad Real (ESP),17 JUN 2017,1019
333,8:06.40,Tom FAWTHORPE,02 AUG 1990,AUS,4f1,,Melbourne (AUS),09 NOV 2017,1019
334,8:06.42,Reda JAAFAR,18 OCT 1990,MAR,5,,Montgeron (FRA),14 MAY 2017,1018
335,8:06.46,Thabang MOSIAKO,23 FEB 1995,RSA,2,,Potchefstroom (RSA),14 FEB 2017,1018
336,8:06.50,Stefano GUIDOTTI ICARDI,01 JAN 1988,ITA,2,,Conegliano (ITA),16 JUN 2017,1018
337,8:06.54,Zerei Kbrom MEZNGI,12 JAN 1986,NOR,3,,Bergen (NOR),18 MAY 2017,1018
338,8:06.61,Yuhi NAKAYA,11 JUN 1999,JPN,1f6,,Yamanashi (JPN),09 SEP 2017,1017
339,8:06.62,Benjámin KOVÁCS,24 JAN 1995,HUN,2f2,,Andorf (AUT),29 JUL 2017,1017
340,8:06.64,Tom Erling KÅRBØ,04 FEB 1989,NOR,7f1,,Karlstad (SWE),25 JUL 2017,1017
341,8:06.66,Masaki TODA,21 JUN 1993,JPN,7,,"Todoroki Stadium, Kawasaki (JPN)",21 MAY 2017,1017
342,8:06.7h,Edward KIBET,2001,KEN,1h2,,Eldoret (KEN),25 MAY 2017,1017
343,8:06.72,Simas BERTAŠIUS,31 OCT 1993,LTU,1,,Kaunas (LTU),03 JUN 2017,1017
344,8:06.8h,Edward Zakayo PINGUA,25 NOV 2001,KEN,2h2,,Eldoret (KEN),25 MAY 2017,1016
345,8:06.82,Ahmed EL MAZOURY,15 MAR 1990,ITA,1f1,,Milano (ITA),20 APR 2017,1016
346,8:06.84,Elmar ENGHOLM,02 OCT 1992,SWE,8f1,,Karlstad (SWE),25 JUL 2017,1016
347,8:06.90,Dieter KERSTEN,25 OCT 1996,BEL,5f1,,Oordegem (BEL),03 JUN 2017,1016
348,8:06.91,Kevin LÓPEZ,12 JUN 1990,ESP,2f1,,Sevilla (ESP),23 DEC 2017,1016
349,8:07.07,Alex BRECKER,15 DEC 1993,GBR,3f1,,Århus (DEN),02 JUN 2017,1015
350,8:07.16,Ilias FIFA,16 MAY 1989,ESP,1,,Castellón (ESP),10 JUN 2017,1014
351,8:07.25,Benjámin KOVÁCS,24 JAN 1995,HUN,1,,"Hadar Yosef Stadium, Tel Aviv (ISR)",25 JUN 2017,1014
352,8:07.26,Kemoy CAMPBELL,14 JAN 1991,JAM,9,,"Alexander Stadium, Birmingham (GBR)",20 AUG 2017,1014
353,8:07.27,Hamid BEN DAOUD,19 FEB 1996,MAR,1,,Bilbao (ESP),24 JUN 2017,1014
353,8:07.27,Simas BERTAŠIUS,31 OCT 1993,LTU,2,,"Hadar Yosef Stadium, Tel Aviv (ISR)",25 JUN 2017,1014
355,8:07.39,Paulos SURAFEL,12 JAN 1997,GBR,5f2,,Watford (GBR),03 MAY 2017,1013
355,8:07.39,Wilkerson GIVEN,14 APR 1991,USA,19,,"Concord, MA (USA)",01 JUN 2017,1013
357,8:07.41,Lorenzo DINI,02 OCT 1994,ITA,2f1,,Milano (ITA),20 APR 2017,1013
357,8:07.41,Ferdinand Kvan EDMAN,12 FEB 1993,NOR,5,,"Bislett Stadion, Oslo (NOR)",15 JUN 2017,1013
359,8:07.43,Petros SURAFEL,12 JAN 1997,GBR,8f1,,Watford (GBR),26 JUL 2017,1013
360,8:07.50,Benoit GOETHALS,05 FEB 1991,BEL,6f1,,Oordegem (BEL),03 JUN 2017,1012
361,8:07.51,Alfredo SANTANA,08 APR 1991,PUR,9,,"National Stadium, Kingston (JAM)",20 MAY 2017,1012
362,8:07.65,Charlie HUNTER,20 JUL 1996,AUS,5f1,,Sydney (AUS),11 NOV 2017,1011
363,8:07.69,Sigurd Ruud SKJESETH,24 DEC 1996,NOR,2,,Hamar (NOR),16 AUG 2017,1011
364,8:07.78,Shota ONIZUKA,13 SEP 1997,JPN,1f1,,"Eugene, OR (USA)",18 MAR 2017,1011
365,8:07.80,Robert BRANDT,02 NOV 1996,USA,1,,"Palo Alto, CA (USA)",08 APR 2017,1010
365,8:07.80,Mohammed ABID,18 MAR 1995,MAR,1,,Cognac (FRA),30 APR 2017,1010
367,8:07.86,Jorit VAN MALSEN,02 OCT 1988,NED,8f1,,Kessel-Lo (BEL),19 AUG 2017,1010
368,8:07.9h,Victor KIPKORIR,2000,KEN,6,,Eldoret (KEN),26 MAY 2017,1010
369,8:07.95,Dikotsi LEKOPA,07 JUL 1988,RSA,2,,Potchefstroom (RSA),15 MAR 2017,1010
370,8:07.96,Jonas RAESS,08 MAR 1994,SUI,3,,"Kaarlen kenttä, Vaasa (FIN)",25 JUN 2017,1010
371,8:08.09,Hazuma HATTORI,07 FEB 1995,JPN,8,,Kitami (JPN),09 JUL 2017,1009
371,8:08.09,Oscar CHELIMO,12 DEC 2001,UGA,3h1,,"Kasarani, Nairobi (KEN)",13 JUL 2017,1009
373,8:08.1h,Leonard Kipkemoi BETT,03 NOV 2000,KEN,7,,Eldoret (KEN),26 MAY 2017,1009
374,8:08.11,Joel MONNE,29 MAR 1991,RSA,3,,Potchefstroom (RSA),15 MAR 2017,1009
375,8:08.13,Caleb RHYNARD,25 JAN 1993,USA,20,,"Concord, MA (USA)",01 JUN 2017,1009
376,8:08.14,Paulos SURAFEL,12 JAN 1997,GBR,9f1,,Watford (GBR),26 JUL 2017,1009
377,8:08.15,Seki HAYATO,11 APR 1997,JPN,2f1,,"Eugene, OR (USA)",18 MAR 2017,1008
377,8:08.15,Ward D'HOORE,18 NOV 1994,BEL,7f1,,Oordegem (BEL),03 JUN 2017,1008
379,8:08.17,John SANDERSON,27 FEB 1993,GBR,4,,Loughborough (GBR),21 MAY 2017,1008
380,8:08.20,Hicham AKANKAM,04 APR 1998,MAR,1,,Berkane (MAR),16 APR 2017,1008
381,8:08.24,Richard DOUMA,17 APR 1993,NED,8,,"Stadium Lille Métropole, Villeneuve d'Ascq (FRA)",25 JUN 2017,1008
382,8:08.34,Tom Erling KÅRBØ,04 FEB 1989,NOR,3,,Hamar (NOR),16 AUG 2017,1007
383,8:08.35,Daire BERMINGHAM,25 JUN 1987,IRL,4,,Pliezhausen (GER),14 MAY 2017,1007
384,8:08.38,Christopher OLLEY,26 MAR 1996,GBR,5,,Pliezhausen (GER),14 MAY 2017,1007
385,8:08.39,Cedric VAN DE PUTTE,07 JUN 1990,BEL,9f1,,Kessel-Lo (BEL),19 AUG 2017,1007
386,8:08.43,Matthew CLARKE,29 APR 1995,AUS,5f1,,Melbourne (AUS),09 NOV 2017,1007
387,8:08.58,Samuel PRAKEL,29 OCT 1994,USA,3f1,,"Eugene, OR (USA)",18 MAR 2017,1006
388,8:08.62,Raul CELADA,09 SEP 1995,ESP,5,,Ciudad Real (ESP),17 JUN 2017,1006
388,8:08.62,Doug MUSSON,08 APR 1994,GBR,3f1,,Watford (GBR),24 JUN 2017,1006
390,8:08.67,Aaron NELSON,16 JUL 1992,USA,9f1,,Cork (IRL),18 JUL 2017,1005
391,8:08.70,Kristian Holm JENSEN,09 DEC 1997,DEN,4f1,,Århus (DEN),02 JUN 2017,1005
391,8:08.70,Amos KURGAT,07 MAR 1992,KEN,8,,Nembro (ITA),07 JUL 2017,1005
393,8:08.72,Mustapha HOUDADI,06 AUG 1986,MAR,2,,Kenitra (MAR),09 APR 2017,1005
394,8:08.73,Shota ONIZUKA,13 SEP 1997,JPN,8,,"Todoroki Stadium, Kawasaki (JPN)",21 MAY 2017,1005
395,8:08.76,Krystian ZALEWSKI,11 APR 1989,POL,6,,"Paavo Nurmi Stadium, Turku (FIN)",13 JUN 2017,1005
396,8:08.79,El Hassan OUBADDI,20 SEP 1991,MAR,2,,Castellón (ESP),10 JUN 2017,1005
397,8:08.88,Meron GOITOM,30 MAR 2001,ERI,4h1,,"Kasarani, Nairobi (KEN)",13 JUL 2017,1004
398,8:08.97,Tiruneh BIRESAW JENBER,1995,ETH,1,,Fontainebleau (FRA),09 JUN 2017,1004
399,8:09.0h,Dominic KIPTUM,2000,KEN,3h2,,Eldoret (KEN),25 MAY 2017,1004
400,8:09.09,Thabang MOSIAKO,23 FEB 1995,RSA,4,,Potchefstroom (RSA),15 MAR 2017,1003
400,8:09.09,Mohad ABDIKADAR SHEIK ALI,12 JUN 1993,ITA,1f1,,Trento (ITA),25 JUL 2017,1003
400,8:09.09,Patrick DEVER,05 SEP 1996,GBR,1f1,,Stretford (GBR),19 AUG 2017,1003
403,8:09.13,Emile CAIRESS,27 DEC 1997,GBR,5,,Loughborough (GBR),21 MAY 2017,1003
403,8:09.13,Abdelmjid ED DERRAZ,30 MAY 1992,ITA,3,,Conegliano (ITA),16 JUN 2017,1003
405,8:09.19,John FOITZIK,05 FEB 1991,SWE,9f1,,Karlstad (SWE),25 JUL 2017,1003
406,8:09.23,Zachary FACIONI,03 APR 1999,AUS,6f1,,Sydney (AUS),11 NOV 2017,1002
407,8:09.27,Frank FUTSELAAR,16 JUL 1991,NED,10f1,,Kessel-Lo (BEL),19 AUG 2017,1002
408,8:09.28,Houssame Eddine BENABBOU,25 MAY 1993,ESP,6,,Ciudad Real (ESP),17 JUN 2017,1002
409,8:09.30,Graham RUSH,08 SEP 1982,GBR,4f1,,Watford (GBR),24 JUN 2017,1002
410,8:09.34,Dorian BOULVIN,05 JUN 1997,BEL,3f1,,Herentals (BEL),01 MAY 2017,1002
411,8:09.38,Michele FONTANA,13 JUN 1991,ITA,9,,Nembro (ITA),07 JUL 2017,1001
412,8:09.41,Mohamed ALI,11 NOV 1989,NED,7f1,,Göteborg (SWE),11 JUL 2017,1001
413,8:09.45,Levi THOMET,03 MAR 1997,USA,4f1,,"Eugene, OR (USA)",18 MAR 2017,1001
413,8:09.45,Lewis MOSES,09 JAN 1987,GBR,6,,Loughborough (GBR),21 MAY 2017,1001
415,8:09.46,Nick VAN PEBORGH,23 FEB 1984,BEL,8f1,,Oordegem (BEL),03 JUN 2017,1001
416,8:09.65,El Hassan OUBADDI,20 SEP 1991,MAR,1,,Zaragoza (ESP),29 APR 2017,1000
417,8:09.71,Malcolm HICKS,19 OCT 1987,NZL,1,,Hilversum (NED),09 JUL 2017,1000
418,8:09.81,Mikkel DAHL-JESSEN,20 DEC 1994,DEN,8f1,,Göteborg (SWE),11 JUL 2017,999
419,8:09.87,Jerry MOTSAU,12 MAR 1990,RSA,1,,Sasolburg (RSA),28 MAR 2017,999
419,8:09.87,Charles GRETHEN,02 JUN 1992,LUX,6,,Pliezhausen (GER),14 MAY 2017,999
421,8:09.94,Bjørnar Sandnes LILLEFOSSE,17 JUL 1992,NOR,4,,Hamar (NOR),16 AUG 2017,998
422,8:10.0h,Kiprono SITONIK,01 NOV 2001,KEN,4h1,,Eldoret (KEN),25 MAY 2017,998
422,8:10.0h,Michael KIBET,03 SEP 1999,KEN,1,,Mombasa (KEN),08 JUN 2017,998
424,8:10.02,Matthew DEMPSEY,15 JUL 1996,AUS,7f1,,Sydney (AUS),11 NOV 2017,998
425,8:10.03,Mahadi ABDI ALI,08 NOV 1995,NED,11f1,,Kessel-Lo (BEL),19 AUG 2017,998
426,8:10.06,Benoit GOETHALS,05 FEB 1991,BEL,4f1,,Herentals (BEL),01 MAY 2017,998
427,8:10.25,Shinobu KUBOTA,12 DEC 1991,JPN,9,,Kitami (JPN),09 JUL 2017,996
428,8:10.35,Adil BOUIDA,,MAR,3,,Kenitra (MAR),09 APR 2017,996
429,8:10.39,Haj Hamed SULEMAN,1994,ERI,5,,Nivelles (BEL),24 JUN 2017,996
429,8:10.39,Alastair HAY,07 SEP 1985,GBR,2f1,,Stretford (GBR),19 AUG 2017,996
431,8:10.44,Yuichiro UENO,29 JUL 1985,JPN,9,,"Todoroki Stadium, Kawasaki (JPN)",21 MAY 2017,995
432,8:10.45,Dan HOY,11 JUN 1998,NZL,3f2,,Wellington (NZL),20 JAN 2017,995
433,8:10.50,Mikkel DAHL-JESSEN,20 DEC 1994,DEN,4f1,,Huizingen (BEL),10 JUN 2017,995
434,8:10.52,Jennen MORTIER,15 SEP 1997,BEL,5f1,,Herentals (BEL),01 MAY 2017,995
434,8:10.52,Hayle IBRAHIMOV,18 JAN 1990,AZE,15,,"Stade Charléty, Paris (FRA)",01 JUL 2017,995
436,8:10.53,Josh CARR,30 JUL 1994,GBR,7,,Loughborough (GBR),21 MAY 2017,995
437,8:10.61,Lukas VAN ASSCHE,23 APR 1989,BEL,6f1,,Herentals (BEL),01 MAY 2017,994
438,8:10.64,David MANJA,08 JUN 1991,RSA,5,,Potchefstroom (RSA),15 MAR 2017,994
439,8:10.69,Mohamed ER RACHDI,26 FEB 1999,MAR,2,,Berkane (MAR),16 APR 2017,994
440,8:10.70,Jens JENSEN,01 JUN 1986,DEN,5f1,,Århus (DEN),02 JUN 2017,994
441,8:10.71,Kristian JONES,04 MAR 1991,GBR,1f1,,"Scotstoun Stadium, Glasgow (GBR)",02 JUN 2017,994
442,8:10.72,Dieter KERSTEN,25 OCT 1996,BEL,7f1,,Herentals (BEL),01 MAY 2017,994
442,8:10.72,Fabien PALCAU,22 JUN 1997,FRA,1,,Dijon (FRA),21 MAY 2017,994
444,8:10.86,John TRAVERS,16 MAR 1991,IRL,4,,"Kaarlen kenttä, Vaasa (FIN)",25 JUN 2017,993
445,8:10.96,Potien NTAWUYIRUSHINTEGE,10 DEC 1993,RWA,4f3,,Marina di Carrara (ITA),22 JUL 2017,992
446,8:10.97,Manuel DE BACKER,14 JUL 1996,NED,12f1,,Kessel-Lo (BEL),19 AUG 2017,992
447,8:10.98,Amine KHADIRI,20 NOV 1988,CYP,3,,"Hadar Yosef Stadium, Tel Aviv (ISR)",25 JUN 2017,992
448,8:11.00,Yohanes CHIAPPINELLI,18 AUG 1997,ITA,3f1,,Milano (ITA),20 APR 2017,992
448,8:11.0h,Dominic KIPTUM,2000,KEN,8,,Eldoret (KEN),26 MAY 2017,992
450,8:11.16,Mohamed ALI,11 NOV 1989,NED,6,,Nivelles (BEL),24 JUN 2017,991
451,8:11.23,Giuseppe GERRATANA,08 NOV 1992,ITA,5f3,,Marina di Carrara (ITA),22 JUL 2017,991
452,8:11.26,Joe WILKINSON,27 JUN 1996,GBR,8,,Loughborough (GBR),21 MAY 2017,991
453,8:11.31,Petros SURAFEL,12 JAN 1997,GBR,5f1,,Watford (GBR),24 JUN 2017,990
454,8:11.37,John SANDERSON,27 FEB 1993,GBR,1f2,,Watford (GBR),19 APR 2017,990
455,8:11.42,Nicolas WITZ,04 AUG 1996,FRA,2,,Dijon (FRA),21 MAY 2017,990
456,8:11.45,Dieter KERSTEN,25 OCT 1996,BEL,1,,Brasschaat (BEL),14 MAY 2017,990
457,8:11.48,Brenton ROWE,17 AUG 1987,AUT,4,,"Hadar Yosef Stadium, Tel Aviv (ISR)",25 JUN 2017,989
458,8:11.49,Lakshmanan GOVINDAN,05 JUN 1990,IND,1,,New Delhi (IND),11 MAY 2017,989
459,8:11.5h,Oscar MUNANGAT,2001,KEN,4h2,,Eldoret (KEN),25 MAY 2017,989
460,8:11.51,Krystian ZALEWSKI,11 APR 1989,POL,10,,"Alexander Stadium, Birmingham (GBR)",20 AUG 2017,989
461,8:11.52,Omesphore NKUNZIMANA,23 JUL 1978,BDI,13f1,,Kessel-Lo (BEL),19 AUG 2017,989
462,8:11.54,Michael SOMERS,02 MAR 1995,BEL,8f1,,Herentals (BEL),01 MAY 2017,989
463,8:11.56,Dorian CONINX,28 JAN 1994,FRA,1,,Vénissieux (FRA),07 MAY 2017,989
464,8:11.69,Victor KIPLANGAT,10 NOV 1999,UGA,2f1,,Firenze (ITA),29 APR 2017,988
465,8:11.73,Martti SIIKALUOMA,30 APR 1992,FIN,2,,Kuortane (FIN),17 JUN 2017,988
466,8:11.77,Wouter PLOEGER,10 OCT 1992,NED,5f1,,Huizingen (BEL),10 JUN 2017,988
467,8:11.79,Phillip CROUT,07 APR 1995,GBR,2f2,,Watford (GBR),19 APR 2017,988
468,8:11.80,Stefano GHENDA,24 JAN 1993,ITA,10,,Nembro (ITA),07 JUL 2017,988
469,8:11.83,Robin RYYNÄNEN,16 MAR 1997,FIN,7,,"Paavo Nurmi Stadium, Turku (FIN)",13 JUN 2017,987
470,8:11.88,David NIKOLLI,20 JUN 1994,ALB,2f1,,Trento (ITA),25 JUL 2017,987
471,8:11.90,Michał ROZMYS,13 MAR 1995,POL,9,,"Stadium Lille Métropole, Villeneuve d'Ascq (FRA)",25 JUN 2017,987
472,8:11.95,Dino BOŠNJAK,21 JAN 1994,CRO,5,,"Hadar Yosef Stadium, Tel Aviv (ISR)",25 JUN 2017,987
473,8:11.99,Annasse Mahboub EL HAMDOUINI,30 NOV 1999,ESP,1,,Pezenas (FRA),10 JUN 2017,987
474,8:12.08,Osman JUNUZOVIC,28 SEP 1993,BIH,12,,"Sports Park Mladost, Zagreb (CRO)",29 AUG 2017,986
475,8:12.1h,Kelvin KIBIWOTT,02 JUN 2000,KEN,5h1,,Eldoret (KEN),25 MAY 2017,986
476,8:12.16,Faisa Dame TASAMA,12 OCT 1987,BEL,6f1,,Huizingen (BEL),10 JUN 2017,986
477,8:12.18,Abdelali RAZYN,1991,MAR,1,,Cergy-Pontoise (FRA),21 MAY 2017,985
478,8:12.2h,Phillip CROUT,07 APR 1995,GBR,1,,Cambridge (GBR),09 JUN 2017,985
479,8:12.22,Thierry NDIKUMWENAYO,26 MAR 1997,BDI,3,,Castellón (ESP),10 JUN 2017,985
480,8:12.23,Alex KIBET,10 NOV 1990,KEN,3,,Bruxelles (BEL),14 MAY 2017,985
481,8:12.27,Mohamed AGOURRAM,11 JUL 1991,MAR,1,,Angoulême (FRA),07 MAY 2017,985
481,8:12.27,Jean-Pierre WEERTS,20 JUN 1986,BEL,9f1,,Oordegem (BEL),03 JUN 2017,985
483,8:12.28,David PALACIO,08 JUN 1988,ESP,3f1,,Sevilla (ESP),23 DEC 2017,985
484,8:12.30,Dumisane HLASELO,08 JUN 1989,RSA,2,,Sasolburg (RSA),28 MAR 2017,985
485,8:12.31,Sigurd Ruud SKJESETH,24 DEC 1996,NOR,10f1,,Karlstad (SWE),25 JUL 2017,985
486,8:12.36,Yunus Mohd KHAN,09 SEP 1988,IND,2,,New Delhi (IND),11 MAY 2017,984
486,8:12.36,Steven CASTEELE,11 JUL 1994,BEL,2,,Brasschaat (BEL),14 MAY 2017,984
488,8:12.37,Alexander TEUTEN,03 JAN 1992,GBR,1f1,,Bedford (GBR),15 JUL 2017,984
489,8:12.39,Leonardo BIDOGIA,13 APR 1992,ITA,1,,Gorizia (ITA),07 SEP 2017,984
490,8:12.45,Ben ALCOCK,19 SEP 1994,GBR,6f1,,Watford (GBR),24 JUN 2017,984
491,8:12.47,Christopher DALE,29 DEC 1991,AUS,8f1,,Sydney (AUS),11 NOV 2017,984
492,8:12.48,Azeddine HABZ,19 JUL 1993,MAR,6,,Montgeron (FRA),14 MAY 2017,984
493,8:12.49,Abel TSEGAY,02 JUN 1996,ERI,6f1,,Århus (DEN),02 JUN 2017,984
494,8:12.54,Ronald Nigigi KARIUKI,20 AUG 1988,KEN,11,,Nembro (ITA),07 JUL 2017,983
495,8:12.55,Abdelhamid ZERRIFI,20 JUN 1986,FRA,13,,"Sports Park Mladost, Zagreb (CRO)",29 AUG 2017,983
496,8:12.58,Stanislav MASLOV,19 JAN 1989,UKR,1f2,,Lutsk (UKR),07 JUN 2017,983
497,8:12.7h,Victor KIPKORIR,2000,KEN,5h2,,Eldoret (KEN),25 MAY 2017,983
498,8:12.72,Mohammadreza ABOOTORABI,31 AUG 1989,IRI,1f1,,Sollentuna (SWE),09 JUN 2017,982
499,8:12.73,Suldan HASSAN,01 APR 1998,SWE,5,,Hamar (NOR),16 AUG 2017,982
500,8:12.74,Sean GUINEY,12 MAY 1994,AUS,6f1,,Melbourne (AUS),09 NOV 2017,982
501,8:12.78,Nadir CAVAGNA,17 APR 1995,ITA,12,,Nembro (ITA),07 JUL 2017,982
502,8:12.79,Ivan STREBKOV,28 SEP 1991,UKR,1,,Kyiv (UKR),19 MAY 2017,982
503,8:12.81,Adam KIRK-SMITH,30 JAN 1991,GBR,2f1,,Bedford (GBR),15 JUL 2017,982
504,8:12.87,Jarkko JÄRVENPÄÄ,22 AUG 1986,FIN,3,,Kuortane (FIN),17 JUN 2017,982
505,8:12.89,Vyacheslav SOKOLOV,15 DEC 1984,RUS,1,,Moskva (RUS),26 JUN 2017,981
506,8:12.90,Milkesa MENGESHA,16 APR 2000,ETH,2,,Assela (ETH),17 JUN 2017,981
507,8:12.91,Volodymyr KYTS,15 JAN 1987,UKR,2f2,,Lutsk (UKR),07 JUN 2017,981
508,8:13.02,Uģis JOCIS,13 SEP 1993,LAT,6,,"Hadar Yosef Stadium, Tel Aviv (ISR)",25 JUN 2017,981
509,8:13.10,Mattia PADOVANI,26 AUG 1995,ITA,4f1,,Milano (ITA),20 APR 2017,980
509,8:13.1h,Maxon KIPNGETICH,28 OCT 2000,KEN,2,,Mombasa (KEN),08 JUN 2017,980
509,8:13.10,Jayme ROSSITER,11 NOV 1991,IRL,7f1,,Watford (GBR),24 JUN 2017,980
512,8:13.11,Ricardo ROSADO,21 JUL 1988,ESP,2,,Zaragoza (ESP),29 APR 2017,980
512,8:13.11,Ivan STREBKOV,28 SEP 1991,UKR,3f2,,Lutsk (UKR),07 JUN 2017,980
514,8:13.12,Mohamud AADAN,01 JAN 1990,GBR,3f1,,Bedford (GBR),15 JUL 2017,980
515,8:13.17,Amine ZAHAF,13 MAY 1997,MAR,4,,Kenitra (MAR),09 APR 2017,980
515,8:13.17,Nick VAN PEBORGH,23 FEB 1984,BEL,9f1,,Herentals (BEL),01 MAY 2017,980
517,8:13.19,Rui PINTO,18 NOV 1992,POR,1,,Leiria (POR),23 JUL 2017,980
518,8:13.20,Thomas DE BOCK,20 AUG 1991,BEL,1f1,,Ertvelde (BEL),17 JUN 2017,980
519,8:13.29,Pietro RIVA,01 MAY 1997,ITA,13,,Nembro (ITA),07 JUL 2017,979
520,8:13.38,Ben BRADLEY,22 MAY 1995,GBR,6f2,,Watford (GBR),03 MAY 2017,979
521,8:13.40,Joshua TORLEY,30 APR 1999,AUS,4f2,,Wellington (NZL),20 JAN 2017,979
522,8:13.41,Bryan CANTERO,28 APR 1991,FRA,1,,Aix-les-Bains (FRA),21 MAY 2017,979
522,8:13.41,Jamie DEE,23 NOV 1997,GBR,3f1,,Stretford (GBR),19 AUG 2017,979
524,8:13.47,Josh TRIGWELL,28 MAY 1993,GBR,9,,Loughborough (GBR),21 MAY 2017,978
525,8:13.52,Jack ROWE,30 JAN 1996,GBR,8f1,,Watford (GBR),24 JUN 2017,978
526,8:13.58,Maru TEFERI,17 AUG 1992,ISR,7,,"Hadar Yosef Stadium, Tel Aviv (ISR)",25 JUN 2017,978
527,8:13.59,Sigurd Ruud SKJESETH,24 DEC 1996,NOR,6,,"Bislett Stadion, Oslo (NOR)",15 JUN 2017,977
528,8:13.64,Nuno LOPES,11 AUG 1987,POR,2,,Leiria (POR),23 JUL 2017,977
528,8:13.64,Jordan GUSMAN,30 JAN 1994,AUS,1f1,,Sydney (AUS),05 OCT 2017,977
530,8:13.67,Hicham AKANKAM,04 APR 1998,MAR,3,,Casablanca (MAR),09 APR 2017,977
531,8:13.69,Leo FONTANA,08 JUL 1995,FRA,7,,Montgeron (FRA),14 MAY 2017,977
532,8:13.73,Mohcin OUTALHA,15 DEC 1998,MAR,3,,Berkane (MAR),16 APR 2017,977
533,8:13.75,Vidar DAHLE,26 FEB 1988,NOR,7,,"Bislett Stadion, Oslo (NOR)",15 JUN 2017,977
534,8:13.80,Dries Adrianus BASEMANS,12 FEB 1992,BEL,2f1,,Ertvelde (BEL),17 JUN 2017,976
535,8:13.86,Aaron PULFORD,24 AUG 1991,NZL,5f2,,Wellington (NZL),20 JAN 2017,976
536,8:13.88,Abdelfath YASSIN,18 JUL 1995,SWE,11f1,,Karlstad (SWE),25 JUL 2017,976
537,8:13.94,Mikkel DAHL-JESSEN,20 DEC 1994,DEN,7f1,,Århus (DEN),02 JUN 2017,976
538,8:13.96,Pablo SÁNCHEZ SANTOS,27 SEP 1993,ESP,4f1,,Sevilla (ESP),23 DEC 2017,975
539,8:13.98,Stanislav MASLOV,19 JAN 1989,UKR,7,,"x-bionic sphere, Šamorín (SVK)",17 JUN 2017,975
540,8:14.01,Jacob CHOGE,,USA,1f1,,"Knoxville, TN (USA)",25 MAR 2017,975
540,8:14.01,William POTTER,14 MAY 1992,AUS,7f1,,Melbourne (AUS),09 NOV 2017,975
542,8:14.08,Dikotsi LEKOPA,07 JUL 1988,RSA,3,,Sasolburg (RSA),28 MAR 2017,975
542,8:14.08,Regis THONON,27 NOV 1989,BEL,7f1,,Huizingen (BEL),10 JUN 2017,975
544,8:14.14,Ayoub JABIR,,MAR,8,,Berkane (MAR),16 APR 2017,974
545,8:14.15,Younes DARRAZI,1996,BEL,8f1,,Huizingen (BEL),10 JUN 2017,974
546,8:14.19,Tom Erling KÅRBØ,04 FEB 1989,NOR,4,,Bergen (NOR),18 MAY 2017,974
547,8:14.24,Nick VAN PEBORGH,23 FEB 1984,BEL,3,,Brasschaat (BEL),14 MAY 2017,974
548,8:14.28,Steven CASTEELE,11 JUL 1994,BEL,10f1,,Herentals (BEL),01 MAY 2017,974
549,8:14.30,Ayoub JABIR,,MAR,4,,Casablanca (MAR),09 APR 2017,973
549,8:14.30,Alastair HAY,07 SEP 1985,GBR,2f1,,"Scotstoun Stadium, Glasgow (GBR)",02 JUN 2017,973
549,8:14.30,Khalid CHOUKOUD,23 MAR 1986,NED,10f1,,Oordegem (BEL),03 JUN 2017,973
552,8:14.33,Senay Amlesom FISSEHATSION,10 DEC 1995,ERI,6,,Hamar (NOR),16 AUG 2017,973
553,8:14.39,Jackson SHARP,21 AUG 2000,AUS,9f1,,Sydney (AUS),11 NOV 2017,973
554,8:14.41,Matthew BERGIN,02 MAR 1993,IRL,10f1,,Cork (IRL),18 JUL 2017,973
555,8:14.46,Daniel LUNDGREN,04 JUL 1985,SWE,1f1,,Huddinge (SWE),15 AUG 2017,973
556,8:14.49,Erik Udø PEDERSEN,09 APR 1994,NOR,8,,"Bislett Stadion, Oslo (NOR)",15 JUN 2017,972
557,8:14.52,Hugo HAY,28 MAR 1997,FRA,1,,Niort (FRA),21 MAY 2017,972
558,8:14.57,Naveen KUMAR,20 JAN 1988,IND,3,,New Delhi (IND),11 MAY 2017,972
558,8:14.57,Jonathan SHIELDS,01 FEB 1998,GBR,4f1,,Stretford (GBR),19 AUG 2017,972
560,8:14.61,Bartosz KOTŁOWSKI,03 SEP 1992,POL,1,,"Wieslaw Maniak Municipal Athletic Stadium, Szczecin (POL)",10 JUN 2017,972
561,8:14.63,Ilyas RAJI,18 AUG 1999,MAR,4,,Berkane (MAR),16 APR 2017,972
562,8:14.66,Mats HAUGE,16 JUL 1997,NOR,5,,Bergen (NOR),18 MAY 2017,971
563,8:14.67,Henrik IRGENS,07 JAN 1998,NOR,6,,Bergen (NOR),18 MAY 2017,971
564,8:14.70,Cody SHANAHAN,20 MAR 1998,AUS,8f1,,Melbourne (AUS),09 NOV 2017,971
565,8:14.76,Richard GOODMAN,04 APR 1993,GBR,4f1,,Bedford (GBR),15 JUL 2017,971
566,8:14.79,Adrian GARCEA,01 JUN 1999,ROU,4,,Conegliano (ITA),16 JUN 2017,971
567,8:14.82,Mathew JACKSON,28 APR 1991,GBR,5f1,,Stretford (GBR),19 AUG 2017,971
568,8:14.83,Enyew NIGATE,21 MAY 2001,ETH,4,,Assela (ETH),17 JUN 2017,971
569,8:14.84,Ashley SMITH,09 SEP 1996,RSA,1f1,,"Claremont, CA (USA)",25 FEB 2017,970
570,8:14.87,Kazuma TAIRA,05 NOV 1994,JPN,10,,"Todoroki Stadium, Kawasaki (JPN)",21 MAY 2017,970
571,8:14.89,Michael SIMON,23 NOV 1982,FRA,8,,Montgeron (FRA),14 MAY 2017,970
572,8:14.94,William RICHARDSON,23 FEB 1998,GBR,5f1,,Bedford (GBR),15 JUL 2017,970
573,8:14.95,Thomas DE BOCK,20 AUG 1991,BEL,9f1,,Huizingen (BEL),10 JUN 2017,970
573,8:14.95,Andrew HUNTER,05 SEP 1997,USA,1,,Letterkenny (IRL),07 JUL 2017,970
575,8:15.03,Nuno LOPES,11 AUG 1987,POR,1,,Fátima (POR),28 MAY 2017,969
576,8:15.04,Philipp REINHARDT,06 MAR 1994,GER,7,,Pliezhausen (GER),14 MAY 2017,969
577,8:15.07,Jeromy ANDREAS,28 FEB 1992,RSA,6,,Potchefstroom (RSA),15 MAR 2017,969
577,8:15.07,Tamás KAZI,16 MAY 1985,HUN,1,,Tiszaújváros (HUN),29 APR 2017,969
579,8:15.24,Chakib LACHGAR,21 MAR 1989,ESP,1,,Zaragoza (ESP),20 MAY 2017,968
580,8:15.29,Guy SMITH,11 JAN 1990,GBR,6f1,,Stretford (GBR),19 AUG 2017,968
581,8:15.32,Stefano GHENDA,24 JAN 1993,ITA,5,,Conegliano (ITA),16 JUN 2017,968
582,8:15.34,Alexis MIELLET,05 MAY 1995,FRA,1,,Dijon (FRA),07 MAY 2017,968
583,8:15.35,John KINGSTEDT,11 SEP 1992,SWE,2f1,,Sollentuna (SWE),09 JUN 2017,968
584,8:15.38,Tim RAMDANE CHERIF,14 APR 1994,GER,2f1,,Neustadt (GER),30 JUN 2017,967
585,8:15.39,Eirik GRAMSTAD,24 SEP 1984,NOR,7,,Bergen (NOR),18 MAY 2017,967
586,8:15.40,Garrett SWEATT,,USA,2,,"Palo Alto, CA (USA)",08 APR 2017,967
587,8:15.42,Michael SOMERS,02 MAR 1995,BEL,4,,Bruxelles (BEL),14 MAY 2017,967
588,8:15.53,Jack KEELAN,02 FEB 1995,USA,3,,"Palo Alto, CA (USA)",08 APR 2017,967
589,8:15.56,Mahadi ABDI ALI,08 NOV 1995,NED,1,,Utrecht (NED),11 AUG 2017,966
590,8:15.61,Patrick GIBSON,,USA,4,,"Palo Alto, CA (USA)",08 APR 2017,966
590,8:15.61,Fabien PALCAU,22 JUN 1997,FRA,2,,Dijon (FRA),07 MAY 2017,966
592,8:15.67,David MARTÍNEZ,04 NOV 1983,ESP,10f1,,Huizingen (BEL),10 JUN 2017,966
593,8:15.69,Martti SIIKALUOMA,30 APR 1992,FIN,5,,Lapinlahti (FIN),16 JUL 2017,966
594,8:15.73,Florian CARVALHO DE FONSESCO,09 MAR 1989,FRA,1,,Taverny (FRA),06 MAY 2017,965
595,8:15.75,Andrey RUSAKOV,21 JUL 1992,RUS,2,,Moskva (RUS),26 JUN 2017,965
596,8:15.81,Joe WILKINSON,27 JUN 1996,GBR,7f2,,Watford (GBR),03 MAY 2017,965
597,8:15.82,Sibusiso MADIKIZELA,13 JUN 1991,RSA,1f2,,Karlstad (SWE),25 JUL 2017,965
598,8:15.83,Archie RAYNER,02 JUN 1999,GBR,8f2,,Watford (GBR),03 MAY 2017,965
599,8:15.93,Charlie DANNATT,07 SEP 1999,CAN,1,,Langley (CAN),03 JUN 2017,964
599,8:15.93,Leo FONTANA,08 JUL 1995,FRA,11f1,,Huizingen (BEL),10 JUN 2017,964
601,8:15.96,Yorben RUITER,19 AUG 1995,NED,2,,Utrecht (NED),11 AUG 2017,964
602,8:15.97,Jaryd CLIFFORD,05 JUL 1999,AUS,9f1,,Melbourne (AUS),09 NOV 2017,964
603,8:16.02,Houssame Eddine BENABBOU,25 MAY 1993,ESP,2,,Zaragoza (ESP),20 MAY 2017,964
603,8:16.02,Edward GODDARD,24 OCT 1997,AUS,2f1,,Sydney (AUS),05 OCT 2017,964
605,8:16.04,Senay Amlesom FISSEHATSION,10 DEC 1995,ERI,9,,"Bislett Stadion, Oslo (NOR)",15 JUN 2017,964
605,8:16.04,Leonardo FELETTO,26 JUN 1995,ITA,2,,Gorizia (ITA),07 SEP 2017,964
607,8:16.09,Daniel BALCHIN,13 AUG 1990,NZL,6f2,,Wellington (NZL),20 JAN 2017,963
608,8:16.10,Richard GOODMAN,04 APR 1993,GBR,10f1,,Watford (GBR),26 JUL 2017,963
609,8:16.14,Philip SESEMANN,03 OCT 1992,GBR,11f1,,Watford (GBR),26 JUL 2017,963
610,8:16.17,Bjørnar Sandnes LILLEFOSSE,17 JUL 1992,NOR,12f1,,Karlstad (SWE),25 JUL 2017,963
611,8:16.20,Staffan EK,13 NOV 1991,SWE,5,,"Kaarlen kenttä, Vaasa (FIN)",25 JUN 2017,963
612,8:16.22,Tyler DOZZI,21 JAN 1999,CAN,2,,Langley (CAN),03 JUN 2017,963
613,8:16.25,Andrea SANGUINETTI,25 JAN 1992,ITA,3f1,,Firenze (ITA),29 APR 2017,963
614,8:16.28,Mykola NYZHNYK,26 JUL 1995,UKR,2,,Kyiv (UKR),19 MAY 2017,962
614,8:16.28,Jeffrey RISELEY,11 NOV 1986,AUS,10f1,,Melbourne (AUS),09 NOV 2017,962
616,8:16.29,Patrick DEVER,05 SEP 1996,GBR,2,,Letterkenny (IRL),07 JUL 2017,962
617,8:16.32,James WEST,30 JAN 1996,GBR,11,,"Alexander Stadium, Birmingham (GBR)",20 AUG 2017,962
618,8:16.35,Pablo SÁNCHEZ SANTOS,27 SEP 1993,ESP,4,,Castellón (ESP),10 JUN 2017,962
619,8:16.36,Bjørnar Sandnes LILLEFOSSE,17 JUL 1992,NOR,1,,Bergen (NOR),04 JUN 2017,962
620,8:16.37,Jamie DEE,23 NOV 1997,GBR,11f1,,Cork (IRL),18 JUL 2017,962
621,8:16.47,Manuel COMINOTTO,18 DEC 1990,ITA,14,,Nembro (ITA),07 JUL 2017,961
621,8:16.47,Matteo SPANU,29 FEB 1996,ITA,3f1,,Trento (ITA),25 JUL 2017,961
621,8:16.47,Matthew HUDSON,05 JAN 1985,AUS,10f1,,Sydney (AUS),11 NOV 2017,961
624,8:16.50,Adam CLARKE,03 APR 1991,GBR,8,,"Paavo Nurmi Stadium, Turku (FIN)",13 JUN 2017,961
625,8:16.53,Lachlan OATES,30 JAN 1992,GBR,7f1,,Stretford (GBR),19 AUG 2017,961
626,8:16.62,Diego RUIZ,05 FEB 1982,ESP,2,,Bilbao (ESP),24 JUN 2017,960
627,8:16.63,Andreas DIMITRAKIS,08 SEP 1990,GRE,10,,"Stadium Lille Métropole, Villeneuve d'Ascq (FRA)",25 JUN 2017,960
628,8:16.66,Bjørnar Sandnes LILLEFOSSE,17 JUL 1992,NOR,8,,Bergen (NOR),18 MAY 2017,960
629,8:16.68,Jamie DEE,23 NOV 1997,GBR,3f2,,Watford (GBR),19 APR 2017,960
630,8:16.75,Nadir CAVAGNA,17 APR 1995,ITA,5f1,,Milano (ITA),20 APR 2017,960
631,8:16.79,Paweł PANKRATOW,10 APR 1995,POL,2,,"Wieslaw Maniak Municipal Athletic Stadium, Szczecin (POL)",10 JUN 2017,960
631,8:16.79,Cedric VAN DE PUTTE,07 JUN 1990,BEL,3f1,,Ertvelde (BEL),17 JUN 2017,960
631,8:16.79,Brad MILOSEVIC,26 MAY 1989,AUS,11f1,,Sydney (AUS),11 NOV 2017,960
634,8:16.81,Amin BOUKEBAL,22 NOV 1990,FRA,1,,Toulouse (FRA),21 MAY 2017,959
635,8:16.82,Josphat Kimutai KOECH,1983,KEN,6f3,,Marina di Carrara (ITA),22 JUL 2017,959
636,8:16.84,Michele FONTANA,13 JUN 1991,ITA,6,,Conegliano (ITA),16 JUN 2017,959
637,8:16.87,Léonce BUKURU,14 MAY 2001,BDI,5h1,,"Kasarani, Nairobi (KEN)",13 JUL 2017,959
638,8:16.96,Josh TRIGWELL,28 MAY 1993,GBR,6f1,,Bedford (GBR),15 JUL 2017,959
639,8:17.00,Awet MENGSTEAB,21 JUN 1995,SWE,1f2,,Göteborg (SWE),11 JUL 2017,958
639,8:17.00,Erik LOMÅS,12 JAN 1993,NOR,2f2,,Karlstad (SWE),25 JUL 2017,958
641,8:17.03,Bruno ALBUQUERQUE,10 JAN 1989,POR,1,,Muttenz (SUI),21 JUN 2017,958
642,8:17.11,Paul ZWAMA,23 APR 1987,NED,2,,Hilversum (NED),09 JUL 2017,958
643,8:17.12,Douglas HAMERLOK,07 JAN 1991,AUS,7f2,,Wellington (NZL),20 JAN 2017,958
644,8:17.17,Jonatan FRIDOLFSSON,19 DEC 1992,SWE,2f2,,Göteborg (SWE),11 JUL 2017,957
645,8:17.20,Abdelmjid ED DERRAZ,30 MAY 1992,ITA,1f1,,Cantalupa (ITA),27 MAY 2017,957
646,8:17.23,Chakib LACHGAR,21 MAR 1989,ESP,5,,Castellón (ESP),10 JUN 2017,957
647,8:17.34,Rami GUERRA,31 AUG 1998,FRA,9,,Montgeron (FRA),14 MAY 2017,956
648,8:17.37,Jeroen HENDRIKX,08 MAY 1986,BEL,11f1,,Herentals (BEL),01 MAY 2017,956
649,8:17.42,Saad MAAZ,,MAR,5,,Berkane (MAR),16 APR 2017,956
650,8:17.50,Álvaro GUTIERREZ,20 MAY 1988,ESP,6,,Castellón (ESP),10 JUN 2017,956
651,8:17.57,Oscar CHELIMO,12 DEC 2001,UGA,5,,"Kasarani, Nairobi (KEN)",16 JUL 2017,955
652,8:17.60,Roy HOORNWEG,08 MAY 1989,NED,1,,Lisse (NED),13 MAY 2017,955
653,8:17.61,Jonatan FRIDOLFSSON,19 DEC 1992,SWE,13f1,,Karlstad (SWE),25 JUL 2017,955
654,8:17.64,Leonardo FELETTO,26 JUN 1995,ITA,4f1,,Trento (ITA),25 JUL 2017,955
655,8:17.7h,William POTTER,14 MAY 1992,AUS,1f1,,Melbourne (AUS),07 FEB 2017,954
655,8:17.70,Colby GILBERT,17 MAR 1995,USA,1,,"Seattle, WA (USA)",23 APR 2017,954
657,8:17.71,Andrew MAUD,28 JUL 1983,GBR,1,,Kingston (GBR),07 MAY 2017,954
658,8:17.72,Anders GRAHL,13 JAN 1987,SWE,3f2,,Göteborg (SWE),11 JUL 2017,954
659,8:17.77,Jan KOKALJ,08 JUL 1997,SLO,8,,"Hadar Yosef Stadium, Tel Aviv (ISR)",25 JUN 2017,954
659,8:17.77,Simon SUNDSTRÖM,04 FEB 1998,SWE,4f2,,Göteborg (SWE),11 JUL 2017,954
661,8:17.82,Abderrahim LOUKTAM,01 JAN 1999,MAR,6,,Berkane (MAR),16 APR 2017,954
661,8:17.82,Hannu GRANBERG,02 FEB 1990,FIN,6,,Lapinlahti (FIN),16 JUL 2017,954
663,8:17.9h,Edward KIBET,2001,KEN,9,,Eldoret (KEN),26 MAY 2017,953
663,8:17.90,Abduljaleel HIR,02 SEP 1995,NOR,10,,"Bislett Stadion, Oslo (NOR)",15 JUN 2017,953
665,8:17.91,Josh TRIGWELL,28 MAY 1993,GBR,12f1,,Watford (GBR),26 JUL 2017,953
666,8:17.92,Dario IVANOVSKI,15 MAY 1997,MKD,1,,Novi Sad (SRB),28 AUG 2017,953
667,8:18.01,Younes DARRAZI,1996,BEL,12f1,,Herentals (BEL),01 MAY 2017,953
667,8:18.01,José ESPANA,05 MAY 1986,ESP,3,,Zaragoza (ESP),20 MAY 2017,953
669,8:18.03,Gaetan CALS,21 APR 1988,FRA,2,,Pezenas (FRA),10 JUN 2017,953
670,8:18.07,Mattia STIVAL,23 JUN 1992,ITA,5f1,,Trento (ITA),25 JUL 2017,952
671,8:18.11,Kevin WYSS,,USA,1,,"Auburn, AL (USA)",08 APR 2017,952
671,8:18.11,Maru TEFERI,17 AUG 1992,ISR,1,,Tel Aviv (ISR),03 JUN 2017,952
673,8:18.14,Younes DARRAZI,1996,BEL,11f1,,Oordegem (BEL),03 JUN 2017,952
674,8:18.19,James Kibocha THEURI,30 NOV 1978,FRA,3,,Dijon (FRA),21 MAY 2017,952
675,8:18.20,Filmon ANDE,10 FEB 1998,ERI,7,,Nivelles (BEL),24 JUN 2017,952
675,8:18.20,Jonas Luras HAMMER,10 MAR 1991,NOR,3f2,,Karlstad (SWE),25 JUL 2017,952
677,8:18.33,Ayoub BAGHALEM,30 OCT 1994,MAR,5,,Kenitra (MAR),09 APR 2017,951
677,8:18.33,Simon BOCH,18 APR 1994,GER,1f1,,Regensburg (GER),29 APR 2017,951
677,8:18.33,Simon PETITJEAN,09 APR 1996,BEL,13f1,,Herentals (BEL),01 MAY 2017,951
680,8:18.35,Dries Adrianus BASEMANS,12 FEB 1992,BEL,14f1,,Kessel-Lo (BEL),19 AUG 2017,951
681,8:18.38,Garrett CORCORAN,08 MAR 1996,USA,5,,"Palo Alto, CA (USA)",08 APR 2017,951
682,8:18.46,Jeramy ELKAIM,,USA,2,,"Eugene, OR (USA)",05 MAY 2017,950
683,8:18.47,Fabiano CAROZZA,01 JAN 1988,ITA,1,,Orvieto (ITA),21 JUL 2017,950
684,8:18.51,Luke YOUNG,23 NOV 2001,AUS,1f2,,Sydney (AUS),11 NOV 2017,950
685,8:18.53,Will LAUER,,USA,6,,"Palo Alto, CA (USA)",08 APR 2017,950
686,8:18.57,Kalidas HIRAVE,24 SEP 1991,IND,4,,New Delhi (IND),11 MAY 2017,950
687,8:18.58,Nick GOOLAB,30 JAN 1990,GBR,12,,"Alexander Stadium, Birmingham (GBR)",20 AUG 2017,950
688,8:18.61,Simon GRANNETIA,28 AUG 1994,NED,2,,Lisse (NED),13 MAY 2017,949
688,8:18.61,Timothy LEFROY,22 NOV 1992,AUS,1f2,,Watford (GBR),31 MAY 2017,949
690,8:18.68,Peter WHEELER,03 APR 1994,NZL,1,,Auckland (NZL),15 FEB 2017,949
690,8:18.68,Steven CASTEELE,11 JUL 1994,BEL,15f1,,Kessel-Lo (BEL),19 AUG 2017,949
692,8:18.69,Mohammadreza ABOOTORABI,31 AUG 1989,IRI,2f1,,Huddinge (SWE),15 AUG 2017,949
693,8:18.7h,Thomas THORPE,21 MAY 1996,AUS,2f1,,Melbourne (AUS),07 FEB 2017,949
693,8:18.7h,Ben ALCOCK,19 SEP 1994,GBR,2,,Cambridge (GBR),09 JUN 2017,949
695,8:18.73,Bohdan-Ivan HORODYSKYI,18 MAY 1994,UKR,4f2,,Lutsk (UKR),07 JUN 2017,949
696,8:18.74,Damian KABAT,20 OCT 1989,POL,3,,"Wieslaw Maniak Municipal Athletic Stadium, Szczecin (POL)",10 JUN 2017,949
697,8:18.75,El Hassan OUBADDI,20 SEP 1991,MAR,1,,Soria (ESP),20 MAY 2017,949
698,8:18.81,Laviniu Madalin CHIS,17 MAR 1997,ROU,6,,"Kaarlen kenttä, Vaasa (FIN)",25 JUN 2017,948
699,8:18.86,Alberto LÓPEZ,31 MAR 1992,ESP,7,,Ciudad Real (ESP),17 JUN 2017,948
700,8:18.89,Andrea GHIA,16 OCT 1993,ITA,6f1,,Milano (ITA),20 APR 2017,948
701,8:18.92,Vasyl KOVAL,11 NOV 1989,UKR,5f2,,Lutsk (UKR),07 JUN 2017,948
702,8:18.93,Julien WANDERS,18 MAR 1996,SUI,1,,Frauenfeld (SUI),13 MAY 2017,948
702,8:18.93,Jacob ALLEN,03 OCT 1994,GBR,10,,Loughborough (GBR),21 MAY 2017,948
704,8:19.01,Ian KIMPTON,08 NOV 1986,GBR,1f3,,Watford (GBR),26 JUL 2017,947
705,8:19.03,Luca NOTI,22 NOV 1995,SUI,1,,Winterthur (SUI),13 MAY 2017,947
705,8:19.03,Mohammadreza ABOOTORABI,31 AUG 1989,IRI,14f1,,Karlstad (SWE),25 JUL 2017,947
707,8:19.12,Stefan Iulius GAVRIL,17 JUL 1989,ROU,7f1,,Milano (ITA),20 APR 2017,947
708,8:19.15,Polat Kemboi ARIKAN,12 DEC 1990,TUR,1,,Bursa (TUR),07 JUL 2017,946
709,8:19.16,Pol MELLINA,22 JUN 1988,LUX,2,,Cergy-Pontoise (FRA),21 MAY 2017,946
710,8:19.17,Grzegorz KALINOWSKI,22 SEP 1990,POL,1f1,,Łódź (POL),27 MAY 2017,946
711,8:19.21,William FULLER,14 MAY 1997,GBR,1f2,,Watford (GBR),24 JUN 2017,946
712,8:19.24,Rob MULLETT,31 JUL 1987,GBR,16,,"Olympic Stadium, London (GBR)",09 JUL 2017,946
713,8:19.36,Lucian ALLISON,11 NOV 1990,GBR,2f3,,Watford (GBR),26 JUL 2017,945
714,8:19.37,Michael COLTHARD,28 DEC 1982,GBR,11,,Loughborough (GBR),21 MAY 2017,945
715,8:19.38,Vasyl KOVAL,11 NOV 1989,UKR,8,,"x-bionic sphere, Šamorín (SVK)",17 JUN 2017,945
716,8:19.39,Jeremy DEMPSEY,17 DEC 1999,GBR,3f3,,Watford (GBR),26 JUL 2017,945
717,8:19.40,Eivind ØYGARD,18 FEB 1992,NOR,7,,Hamar (NOR),16 AUG 2017,945
718,8:19.41,Jamie DEE,23 NOV 1997,GBR,9f1,,Watford (GBR),24 JUN 2017,945
719,8:19.45,Kosei HITOMI,21 MAR 2000,JPN,10f15,,Isesaki (JPN),08 JUL 2017,945
720,8:19.52,Yann SCHRUB,20 MAR 1996,FRA,4,,Dijon (FRA),21 MAY 2017,944
721,8:19.55,Houssame Eddine BENABBOU,25 MAY 1993,ESP,7,,Castellón (ESP),10 JUN 2017,944
722,8:19.65,Paul OMUYA,1984,KEN,1f1,,Nice (FRA),07 MAY 2017,944
722,8:19.65,Francesco MICH,17 MAY 1995,ITA,6f1,,Trento (ITA),25 JUL 2017,944
724,8:19.66,James Kibocha THEURI,30 NOV 1978,FRA,1f2,,Nice (FRA),07 MAY 2017,944
724,8:19.66,Onur ARAS,06 FEB 1996,TUR,2,,Ankara (TUR),07 JUN 2017,944
726,8:19.7h,Andre WARING,18 AUG 1993,AUS,3f1,,Melbourne (AUS),07 FEB 2017,943
726,8:19.7h,Oscar CHELIMO,12 DEC 2001,UGA,1f1,,Kampala (UGA),20 MAY 2017,943
728,8:19.71,Khalid CHOUKOUD,23 MAR 1986,NED,3,,Hilversum (NED),09 JUL 2017,943
729,8:19.74,Jonathan JACKSON,09 JAN 1991,NZL,2,,Auckland (NZL),15 FEB 2017,943
729,8:19.74,Flores WEVERLING,1993,NED,3,,Lisse (NED),13 MAY 2017,943
731,8:19.77,Aurelien JEM,02 JUL 1996,FRA,3,,Dijon (FRA),07 MAY 2017,943
732,8:19.87,Mohamed LANSI,29 JUL 1995,MAR,5f1,,Sevilla (ESP),23 DEC 2017,942
733,8:19.90,Vidar DAHLE,26 FEB 1988,NOR,2,,Bergen (NOR),04 JUN 2017,942
734,8:19.93,Joe BISTRITZ,,USA,1,,"Chapel Hill, NC (USA)",17 MAR 2017,942
735,8:20.00,Robert BRANDT,02 NOV 1996,USA,1,,"Berkeley, CA (USA)",04 MAR 2017,942
736,8:20.04,Joshua THOMPSON,09 MAY 1993,USA,8,,"San Francisco, CA (USA)",29 JUN 2017,941
737,8:20.05,Joshua BRICKELL,,USA,2,,"Auburn, AL (USA)",08 APR 2017,941
737,8:20.05,Fabiano CAROZZA,01 JAN 1988,ITA,15,,Nembro (ITA),07 JUL 2017,941
739,8:20.08,Harry EARL,10 NOV 1992,GBR,2f2,,Watford (GBR),31 MAY 2017,941
740,8:20.10,Philo SAUNDERS,31 OCT 1976,AUS,12f1,,Sydney (AUS),11 NOV 2017,941
741,8:20.11,Max STEVENS,16 NOV 1994,AUS,1,,Adelaide (AUS),17 JAN 2017,941
742,8:20.12,Thomas Jefferson BYRKJELAND,11 FEB 1998,NOR,1,,Bergen (NOR),01 SEP 2017,941
743,8:20.15,William RICHARDSON,23 FEB 1998,GBR,12,,Loughborough (GBR),21 MAY 2017,941
744,8:20.17,Mohammed MEFTAH EL KHAIR,09 JAN 1989,MAR,1,,Berkane (MAR),09 APR 2017,941
745,8:20.19,Dane BLOMQUIST,02 OCT 1996,GBR,10f1,,Watford (GBR),24 JUN 2017,941
746,8:20.20,Soufiane AKHDAR,,MAR,7,,Berkane (MAR),16 APR 2017,941
746,8:20.2h,Dalmas NDIEMA,,KEN,3,,Mombasa (KEN),08 JUN 2017,941
748,8:20.25,Gaetan CALS,21 APR 1988,FRA,2,,Toulouse (FRA),21 MAY 2017,940
749,8:20.41,Samuel LAY,31 MAR 1993,GBR,6f1,,Sevilla (ESP),23 DEC 2017,939
750,8:20.48,Theo HUNT,15 SEP 1988,CAN,4f2,,Karlstad (SWE),25 JUL 2017,939
751,8:20.5h,Leonard KIPROTICH,2000,KEN,10,,Eldoret (KEN),26 MAY 2017,939
752,8:20.52,Oscar CHELIMO,12 DEC 2001,UGA,1,,Vicenza (ITA),01 OCT 2017,939
753,8:20.57,Robin LINDGREN,11 JUL 1990,SWE,9f1,,Göteborg (SWE),11 JUL 2017,938
754,8:20.62,Bilal TABTI,07 JUN 1993,ALG,1,,Biskra (ALG),17 MAR 2017,938
755,8:20.63,Andrew TARIO,,USA,1f1,,"Stony Brook, NY (USA)",23 MAR 2017,938
755,8:20.63,Javier NAGORE ARIZU,22 MAY 1987,ESP,2,,Soria (ESP),20 MAY 2017,938
757,8:20.64,Jens MERGENTHALER,13 JUN 1997,GER,8,,Pliezhausen (GER),14 MAY 2017,938
757,8:20.64,Leonardo BIDOGIA,13 APR 1992,ITA,7f1,,Trento (ITA),25 JUL 2017,938
759,8:20.67,David NILSSON,16 APR 1987,SWE,12f1,,Huizingen (BEL),10 JUN 2017,938
760,8:20.71,Gilbert KIRUI,,KEN,2f1,,"Stony Brook, NY (USA)",23 MAR 2017,938
761,8:20.73,Jan FRIŠ,19 DEC 1995,CZE,1,,Ostrava (CZE),02 JUL 2017,938
762,8:20.76,Shinichiro NAKAMURA,14 APR 1993,JPN,10,,Kitami (JPN),09 JUL 2017,937
763,8:20.77,Redatu SEMEON,18 OCT 1994,USA,3,,"Auburn, AL (USA)",08 APR 2017,937
764,8:20.81,Romain RYBICKI,11 APR 1988,FRA,1,,Aubagne (FRA),21 MAY 2017,937
765,8:20.82,Sebastian SMOLIŃSKI,01 JUL 1991,POL,2f1,,Łódź (POL),27 MAY 2017,937
766,8:20.85,Takieddine HEDEILLI,06 JUN 1996,ALG,2,,Biskra (ALG),17 MAR 2017,937
766,8:20.85,Thibaud BAUDOIN,03 MAY 1989,FRA,2f2,,Nice (FRA),07 MAY 2017,937
766,8:20.85,Bart VAN NUNEN,24 SEP 1995,NED,12f1,,Oordegem (BEL),03 JUN 2017,937
769,8:20.89,Darragh MCELHINNEY,09 NOV 2000,IRL,11f1,,Watford (GBR),24 JUN 2017,937
770,8:20.91,Nick GOOLAB,30 JAN 1990,GBR,1f1,,Sheffield (GBR),06 MAY 2017,937
771,8:20.92,Michael COLTHARD,28 DEC 1982,GBR,1,,Loughborough (GBR),07 JUN 2017,937
771,8:20.92,Riccardo TAMASSIA,18 JUN 1993,ITA,8f1,,Trento (ITA),25 JUL 2017,937
773,8:20.93,Geoffrey Githuku CHEGE,02 SEP 1990,KEN,16,,Nembro (ITA),07 JUL 2017,936
774,8:20.95,Piotr DROBNIK,27 JUN 1993,POL,3f1,,Łódź (POL),27 MAY 2017,936
774,8:20.95,Abdelfath YASSIN,18 JUL 1995,SWE,3f1,,Sollentuna (SWE),09 JUN 2017,936
776,8:20.96,Alex DUNBAR,24 APR 1992,GBR,9f2,,Watford (GBR),03 MAY 2017,936
777,8:20.98,Camilo Raul SANTIAGO,22 DEC 1982,ESP,3,,Bilbao (ESP),24 JUN 2017,936
777,8:20.98,Rory CHESSER,07 MAR 1987,IRL,12f1,,Cork (IRL),18 JUL 2017,936
779,8:21.00,Anthony TIMOTEUS,27 MAY 1995,RSA,1,,"Parow, Cape Town (RSA)",18 FEB 2017,936
779,8:21.00,David NIKOLLI,20 JUN 1994,ALB,8f1,,Milano (ITA),20 APR 2017,936
781,8:21.01,Benjamin CHOQUERT,17 APR 1986,FRA,1,,"Tomblaine, Nancy (FRA)",07 MAY 2017,936
782,8:21.03,Emmanuel ROTICH,,USA,1,,"New Orleans, LA (USA)",03 MAR 2017,936
783,8:21.05,Markus GÖRGER,12 JAN 1998,GER,9,,Pliezhausen (GER),14 MAY 2017,936
783,8:21.05,Lukas VAN ASSCHE,23 APR 1989,BEL,5,,Bruxelles (BEL),14 MAY 2017,936
785,8:21.08,Jorge BLANCO,15 JUL 1993,ESP,1,,Elche (ESP),29 APR 2017,936
786,8:21.1h,Brady THRELFALL,29 DEC 1987,AUS,4f1,,Melbourne (AUS),07 FEB 2017,936
786,8:21.10,Trent BRENDEL,,USA,7,,"Palo Alto, CA (USA)",08 APR 2017,936
788,8:21.12,Joshua GRACE,11 MAY 1993,GBR,10f2,,Watford (GBR),03 MAY 2017,935
788,8:21.12,Hannu GRANBERG,02 FEB 1990,FIN,4,,Kuortane (FIN),17 JUN 2017,935
790,8:21.14,Gilbert GRUNDY,22 JUN 1989,GBR,4f2,,Watford (GBR),19 APR 2017,935
791,8:21.16,Sam LEVORA,01 MAR 1996,USA,2,,"Seattle, WA (USA)",23 APR 2017,935
791,8:21.16,Marc TORTELL,26 DEC 1997,GER,16f1,,Kessel-Lo (BEL),19 AUG 2017,935
793,8:21.17,Gabriele MOTZO,13 NOV 1993,ITA,9f1,,Trento (ITA),25 JUL 2017,935
794,8:21.21,Tim BASON,30 MAY 1998,USA,2,,"Chapel Hill, NC (USA)",17 MAR 2017,935
795,8:21.23,Tom FRITH,09 JUN 1992,GBR,3f2,,Watford (GBR),31 MAY 2017,935
796,8:21.27,Mahmoud MOUSSA,,USA,3,,"Seattle, WA (USA)",23 APR 2017,935
796,8:21.27,Tim RAMDANE CHERIF,14 APR 1994,GER,2f1,,Regensburg (GER),29 APR 2017,935
798,8:21.30,Peter ĎUREC,12 SEP 1992,SVK,3f2,,Andorf (AUT),29 JUL 2017,934
799,8:21.31,Stefano GHENDA,24 JAN 1993,ITA,9f1,,Milano (ITA),20 APR 2017,934
800,8:21.33,Georgios Panagiotis MILIARAS,14 JAN 2000,GRE,1,,Sparti (GRE),03 AUG 2017,934
801,8:21.37,Alasdair KINLOCH,08 FEB 1999,GBR,4f2,,Watford (GBR),31 MAY 2017,934
802,8:21.38,Daniel JARVIS,21 OCT 1995,GBR,11f2,,Watford (GBR),03 MAY 2017,934
803,8:21.39,Abderazek KHELILI,21 JAN 1997,ALG,3,,Biskra (ALG),17 MAR 2017,934
803,8:21.39,Bilal TARABHAT,26 JUN 1996,ALG,4,,Biskra (ALG),17 MAR 2017,934
803,8:21.39,Ralph VAN HOUWELINGEN,26 APR 1994,NED,1f1,,Vught (NED),25 MAY 2017,934
806,8:21.41,Said AMEKRANE,,MAR,2,,Berkane (MAR),09 APR 2017,934
807,8:21.42,Jonas KOLLER,22 MAR 1993,GER,3f1,,Regensburg (GER),29 APR 2017,934
808,8:21.44,Leo PAGLIONE,28 NOV 1991,ITA,7f3,,Marina di Carrara (ITA),22 JUL 2017,934
808,8:21.44,Matthias CASTRISCHER,15 FEB 1994,SUI,1f2,,Kessel-Lo (BEL),19 AUG 2017,934
810,8:21.45,Samuel FITWI SIBHATU,01 JAN 1996,GER,14f1,,Herentals (BEL),01 MAY 2017,934
811,8:21.46,Roman KWIATKOWSKI,19 MAY 1995,POL,1,,Czestochowa (POL),26 AUG 2017,934
812,8:21.51,Paul ZEISS,,USA,8,,"Palo Alto, CA (USA)",08 APR 2017,933
813,8:21.52,Joe BURGESS,27 DEC 1996,AUS,2f2,,Sydney (AUS),11 NOV 2017,933
814,8:21.53,Connor MORA,06 NOV 1994,USA,1,,"Durham, NC (USA)",01 APR 2017,933
815,8:21.55,Corey DE'ATH,16 FEB 1996,GBR,12f2,,Watford (GBR),03 MAY 2017,933
815,8:21.55,Benjamin CHERUIYOT,1980,KEN,3,,Cergy-Pontoise (FRA),21 MAY 2017,933
817,8:21.61,Clement ANGLADA,05 NOV 1994,FRA,3,,Toulouse (FRA),21 MAY 2017,933
818,8:21.69,Matthew COX,21 JUN 1990,AUS,13f1,,Sydney (AUS),11 NOV 2017,932
819,8:21.70,William FULLER,14 MAY 1997,GBR,13,,Loughborough (GBR),21 MAY 2017,932
820,8:21.71,Leonardo BIDOGIA,13 APR 1992,ITA,7,,Conegliano (ITA),16 JUN 2017,932
821,8:21.72,Jorge BLANCO,15 JUL 1993,ESP,3,,Soria (ESP),20 MAY 2017,932
821,8:21.72,Miguel GARCÍA,14 JUL 1988,ESP,4,,Bilbao (ESP),24 JUN 2017,932
821,8:21.72,Antonio SILVA,26 MAR 1987,POR,1f2,,Bedford (GBR),15 JUL 2017,932
824,8:21.74,Jan FRIŠ,19 DEC 1995,CZE,1,,Plzeň (CZE),10 SEP 2017,932
825,8:21.75,Carl HARDMAN,20 MAR 1983,GBR,7f1,,Bedford (GBR),15 JUL 2017,932
826,8:21.77,Frank BADDICK,29 NOV 1985,GBR,2,,Loughborough (GBR),07 JUN 2017,932
827,8:21.78,Joel MELLY,11 MAR 1984,KEN,8,,Conegliano (ITA),16 JUN 2017,932
828,8:21.85,Bert VAN DER HOEVEN,1989,BEL,2f2,,Kessel-Lo (BEL),19 AUG 2017,931
828,8:21.85,Isaiah PRIDDEY,09 MAR 2000,NZL,1,,Auckland (NZL),15 NOV 2017,931
830,8:21.93,Simon STÜTZEL,28 NOV 1986,GER,1f1,,Pfungstadt (GER),03 JUN 2017,931
831,8:21.94,David NIKOLLI,20 JUN 1994,ALB,17,,Nembro (ITA),07 JUL 2017,931
832,8:21.95,Rico GALASSI,,USA,1f1,,"Williamsburg, VA (USA)",30 MAR 2017,931
833,8:21.99,Nick CIOLKOWSKI,,USA,1,,"High Point, NC (USA)",18 MAR 2017,931
834,8:22.02,Guy SMITH,11 JAN 1990,GBR,1f2,,Bedford (GBR),15 JUL 2017,930
834,8:22.02,Simon ROGERS,01 OCT 1989,NZL,3f2,,Sydney (AUS),11 NOV 2017,930
836,8:22.09,Theo QUAX,27 DEC 1999,NZL,2,,Auckland (NZL),15 NOV 2017,930
837,8:22.18,Yakoub DELHOUM,18 AUG 1992,FRA,1,,Quimper (FRA),07 JUL 2017,930
838,8:22.19,Pierre URRUTY,17 SEP 1986,FRA,2,,Aix-les-Bains (FRA),21 MAY 2017,930
839,8:22.20,Sol SWEENEY,04 DEC 1998,GBR,3f1,,"Scotstoun Stadium, Glasgow (GBR)",02 JUN 2017,929
840,8:22.21,Mauris Surel CASTILLO,19 OCT 1984,ESP,7f1,,Sevilla (ESP),23 DEC 2017,929
841,8:22.22,Micah BELLER,,USA,2,,"Durham, NC (USA)",01 APR 2017,929
842,8:22.23,Edwin DE VRIES,11 DEC 1992,NED,4,,Lisse (NED),13 MAY 2017,929
843,8:22.25,Cameron GRAVES,01 FEB 1992,NZL,8f2,,Wellington (NZL),20 JAN 2017,929
844,8:22.31,Youssef EL BAZ,,MAR,5,,Casablanca (MAR),09 APR 2017,929
844,8:22.31,Phillip CROUT,07 APR 1995,GBR,13f1,,Watford (GBR),26 JUL 2017,929
846,8:22.35,Julien CALANDREAU,28 AUG 1987,FRA,1f2,,Huizingen (BEL),10 JUN 2017,929
846,8:22.35,Alexander TEUTEN,03 JAN 1992,GBR,3,,Letterkenny (IRL),07 JUL 2017,929
848,8:22.37,Anton HARRSEN,1995,DEN,8f1,,Århus (DEN),02 JUN 2017,929
849,8:22.38,Rantso MOKOPANE,08 AUG 1994,RSA,7,,Potchefstroom (RSA),15 MAR 2017,928
850,8:22.42,Samuel TANNER,24 AUG 2000,NZL,3,,Auckland (NZL),15 NOV 2017,928
851,8:22.43,Chris NEGRI,,USA,1f1,,"Indianapolis, IN (USA)",18 MAR 2017,928
852,8:22.45,Youssef FATEH,17 MAR 1995,MAR,1,,Barcelona (ESP),31 MAY 2017,928
853,8:22.47,Matt CARLSSON,21 OCT 1991,AUS,4f2,,Sydney (AUS),11 NOV 2017,928
854,8:22.50,Jordan MCNAMARA,07 MAR 1987,USA,3,,"Eugene, OR (USA)",05 MAY 2017,928
855,8:22.51,Patrice LE GALL,28 AUG 1981,FRA,2,,Quimper (FRA),07 JUL 2017,928
856,8:22.57,Tom AUSTIN,06 APR 1994,GBR,12f1,,Watford (GBR),24 JUN 2017,927
857,8:22.58,Jonas KOLLER,22 MAR 1993,GER,3f1,,Neustadt (GER),30 JUN 2017,927
858,8:22.59,Christopher DULHANTY,06 APR 1992,CAN,1,,Hamilton (CAN),28 MAY 2017,927
859,8:22.60,Abdelhakim ELLIASMINE,07 FEB 1999,ITA,10f1,,Milano (ITA),20 APR 2017,927
860,8:22.65,Bryan FERNANDEZ,,USA,4,,"Eugene, OR (USA)",05 MAY 2017,927
860,8:22.65,Jan ADRIAENSEN,1991,BEL,4,,Brasschaat (BEL),14 MAY 2017,927
862,8:22.66,Elzan BIBIĆ,08 JAN 1999,SRB,1,,Zenica (BIH),07 JUN 2017,927
862,8:22.66,Eric KEOGH,05 DEC 1991,IRL,1,,Dublin (IRL),10 JUN 2017,927
862,8:22.66,Fredrik JOHANSSON,30 DEC 1985,SWE,5f2,,Karlstad (SWE),25 JUL 2017,927
865,8:22.67,Volodymyr KYTS,15 JAN 1987,UKR,2,,Ostrava (CZE),02 JUL 2017,927
866,8:22.68,Emile PAULSEN,21 MAR 1994,RSA,2,,"Parow, Cape Town (RSA)",18 FEB 2017,927
866,8:22.68,Ihor POROZOV,22 MAR 1991,UKR,3,,Kyiv (UKR),19 MAY 2017,927
868,8:22.74,Frank LARA,25 SEP 1995,USA,4,,"Auburn, AL (USA)",08 APR 2017,927
869,8:22.75,Jens LARSEN ÅSTVEIT,11 MAY 1997,NOR,9,,Bergen (NOR),18 MAY 2017,926
870,8:22.77,Alberto GUERRERO,04 APR 1995,ESP,8f1,,Sevilla (ESP),23 DEC 2017,926
871,8:22.78,John SANDERSON,27 FEB 1993,GBR,1f1,,Basingstoke (GBR),06 MAY 2017,926
871,8:22.78,Andrea FALASCA ZAMPONI,17 AUG 1987,ITA,9,,Conegliano (ITA),16 JUN 2017,926
873,8:22.83,Nathan WEITZ,14 FEB 1994,USA,1,,"Irvine, CA (USA)",18 MAR 2017,926
873,8:22.83,Tom STRAW,28 FEB 1991,GBR,13f2,,Watford (GBR),03 MAY 2017,926
875,8:22.86,Tom MORTIMER,07 JAN 1999,GBR,1f1,,Street (GBR),01 MAY 2017,926
875,8:22.86,Daniel OWEN,05 JUL 1993,GBR,8f1,,Stretford (GBR),19 AUG 2017,926
877,8:22.87,Jelmer VAN DER LINDEN,15 OCT 1996,NED,3,,Utrecht (NED),11 AUG 2017,926
878,8:22.88,Nelson KIPKOGEI,09 MAR 1993,BRN,1,,Domažlice (CZE),15 SEP 2017,926
878,8:22.88,Jackson SHARP,21 AUG 2000,AUS,3f1,,Sydney (AUS),05 OCT 2017,926
880,8:22.9h,Duncan SALATON,,KEN,4,,Mombasa (KEN),08 JUN 2017,926
881,8:22.91,Christoffer BOLL,01 OCT 1992,DEN,9f1,,Århus (DEN),02 JUN 2017,926
882,8:22.92,Diego JIMÉNEZ,10 FEB 1995,ESP,4,,Soria (ESP),20 MAY 2017,926
883,8:22.96,Volodymyr KYTS,15 JAN 1987,UKR,2,,Plzeň (CZE),10 SEP 2017,925
884,8:23.01,Man SINGH,20 JUN 1989,IND,5,,New Delhi (IND),11 MAY 2017,925
885,8:23.02,Jack DOUGLAS,05 JUN 1996,GBR,2f2,,Watford (GBR),24 JUN 2017,925
886,8:23.06,Dino BOŠNJAK,21 JAN 1994,CRO,1,,Zagreb (CRO),08 JUL 2017,925
887,8:23.11,Benjamin MALATY,07 MAY 1986,FRA,4,,Cergy-Pontoise (FRA),21 MAY 2017,924
888,8:23.12,Corey DE'ATH,16 FEB 1996,GBR,14f1,,Watford (GBR),26 JUL 2017,924
889,8:23.13,Aaron PULFORD,24 AUG 1991,NZL,3,,Auckland (NZL),15 FEB 2017,924
890,8:23.14,Julian HENINGER,,USA,21,,"Concord, MA (USA)",01 JUN 2017,924
891,8:23.15,Serhiy BEREZYUK,30 AUG 1992,UKR,6f2,,Lutsk (UKR),07 JUN 2017,924
892,8:23.16,Adrian POTTER,09 MAR 1995,AUS,2,,Adelaide (AUS),17 JAN 2017,924
893,8:23.19,Conor DOONEY,17 NOV 1989,IRL,2,,Dublin (IRL),10 JUN 2017,924
894,8:23.21,Justin MOAKLER,1996,CAN,2f1,,"Indianapolis, IN (USA)",18 MAR 2017,924
895,8:23.22,Kieran REILLY,18 OCT 1993,GBR,4f3,,Watford (GBR),26 JUL 2017,924
896,8:23.24,Dario DE CARO,01 JUN 1997,ITA,11f1,,Milano (ITA),20 APR 2017,924
897,8:23.27,Jack CRABTREE,13 SEP 1996,GBR,2f1,,Sheffield (GBR),06 MAY 2017,924
898,8:23.30,Jens LARSEN ÅSTVEIT,11 MAY 1997,NOR,11,,"Bislett Stadion, Oslo (NOR)",15 JUN 2017,923
898,8:23.3h,Aitor FERNÁNDEZ,13 AUG 1991,ESP,1,,León (ESP),22 JUN 2017,923
900,8:23.33,Viktor ŠINÁGL,03 JUL 1997,CZE,3,,Plzeň (CZE),10 SEP 2017,923
901,8:23.36,Mohamed AGOURRAM,11 JUL 1991,MAR,1,,Bordeaux (FRA),21 MAY 2017,923
902,8:23.41,Ian EKLIN,,USA,1f1,,"Iowa City, IA (USA)",22 APR 2017,923
902,8:23.41,Guy SMITH,11 JAN 1990,GBR,2f1,,Basingstoke (GBR),06 MAY 2017,923
904,8:23.43,Adam SCOTT,24 JAN 2000,GBR,1f1,,Stretford (GBR),25 APR 2017,923
905,8:23.44,Isaiah PRIDDEY,09 MAR 2000,NZL,4,,Auckland (NZL),15 FEB 2017,923
906,8:23.46,Eirik GRAMSTAD,24 SEP 1984,NOR,8,,Hamar (NOR),16 AUG 2017,923
907,8:23.48,Harry POWELL,11 JAN 1997,GBR,9f1,,Stretford (GBR),19 AUG 2017,922
908,8:23.50,Jorit VAN MALSEN,02 OCT 1988,NED,4,,Utrecht (NED),11 AUG 2017,922
909,8:23.52,Theo HUNT,15 SEP 1988,CAN,2,,Vancouver (CAN),28 JUN 2017,922
910,8:23.55,Jan ADRIAENSEN,1991,BEL,13f1,,Huizingen (BEL),10 JUN 2017,922
911,8:23.56,Mohamed EL MOUNIM,29 AUG 1991,ITA,1,,Chiasso (SUI),26 AUG 2017,922
912,8:23.57,Alesandro TURRONI,19 MAY 1988,ITA,12f1,,Milano (ITA),20 APR 2017,922
912,8:23.57,Erik LOMÅS,12 JAN 1993,NOR,1f2,,Oslo (NOR),19 JUL 2017,922
914,8:23.62,James GORMLEY,03 APR 1998,GBR,3f1,,Sheffield (GBR),06 MAY 2017,922
915,8:23.63,Karim ACHENGLI,23 MAY 1992,ESP,2f1,,"Iowa City, IA (USA)",22 APR 2017,922
916,8:23.65,Kostas NKELAOUZOS,1990,GRE,1,,Chania (GRE),03 JUN 2017,922
917,8:23.66,Matthew HAUSER,03 APR 1998,AUS,1,,Brisbane (AUS),07 JAN 2017,921
917,8:23.66,Jonathan JACKSON,09 JAN 1991,NZL,9f2,,Wellington (NZL),20 JAN 2017,921
919,8:23.67,Josh TRIGWELL,28 MAY 1993,GBR,4f1,,Sheffield (GBR),06 MAY 2017,921
920,8:23.7h,Haftu STRINTZOS,27 AUG 1999,AUS,5f1,,Melbourne (AUS),07 FEB 2017,921
921,8:23.79,Tim VAN DEN BROEKE,10 OCT 1995,NED,4,,Hilversum (NED),09 JUL 2017,921
922,8:23.80,Kevin DE KERPEL,1988,BEL,4f1,,Ertvelde (BEL),17 JUN 2017,921
923,8:23.81,Trond Ørjan EIDE,18 JAN 1990,NOR,1,,Børsa (NOR),13 AUG 2017,921
924,8:23.82,Anass ESSAYI,18 MAY 2001,MAR,1,,Sidi Kacem (MAR),14 MAY 2017,921
925,8:23.87,Thierry GUIBAULT,11 JUL 1974,FRA,1,,Angoulême (FRA),07 JUN 2017,920
926,8:23.88,Robert BOUGH,16 DEC 1996,GBR,1,,Rhede (GER),29 JUL 2017,920
927,8:23.93,Jamie PARKINSON,11 DEC 1992,GBR,5f2,,Watford (GBR),31 MAY 2017,920
928,8:23.94,Tom AUSTIN,06 APR 1994,GBR,6f2,,Watford (GBR),31 MAY 2017,920
928,8:23.94,Michael LORI,24 MAR 1991,AUS,1,,Perth (AUS),08 DEC 2017,920
928,8:23.94,Cody SHANAHAN,20 MAR 1998,AUS,1,,Melbourne (AUS),14 DEC 2017,920
931,8:23.96,Edwin Kiplangat BETT,26 APR 2000,KEN,1,,Nassau (BAH),22 JUL 2017,920
932,8:24.00,Eneko AGIRREZABAL,20 MAR 1986,ESP,1,,Durango (ESP),06 MAY 2017,920
932,8:24.00,Florent FACY,24 JAN 1984,FRA,1,,Ambilly (FRA),23 JUN 2017,920
934,8:24.01,Connor LANE,30 APR 1999,USA,1,,"Philadelphia, PA (USA)",28 APR 2017,920
935,8:24.03,Hassan OUBASSOUR,20 JUL 1980,FRA,3,,Aix-les-Bains (FRA),21 MAY 2017,919
935,8:24.03,Jesus HURTADO,29 FEB 1996,ESP,2,,Barcelona (ESP),31 MAY 2017,919
935,8:24.03,Luke TRAYNOR,06 JUL 1993,GBR,1,,Manchester (GBR),16 AUG 2017,919
938,8:24.06,Erik LOMÅS,12 JAN 1993,NOR,9,,Hamar (NOR),16 AUG 2017,919
938,8:24.06,Adrian POTTER,09 MAR 1995,AUS,1,,Adelaide (AUS),28 OCT 2017,919
940,8:24.07,Derlys AYALA,07 JAN 1990,PAR,1,,Asunción (PAR),29 APR 2017,919
941,8:24.09,Aaron THOMAS,,USA,3,,"Chapel Hill, NC (USA)",17 MAR 2017,919
941,8:24.09,Francisco MARTOS,30 OCT 1990,ESP,9f1,,Sevilla (ESP),23 DEC 2017,919
943,8:24.11,Guy WALTERS,12 SEP 1994,AUS,14f1,,Sydney (AUS),11 NOV 2017,919
944,8:24.13,Nick STEELE,09 NOV 1997,USA,1f2,,"Waltham, MA (USA)",03 JUN 2017,919
945,8:24.14,Oussama LONNEUX,12 MAY 1997,BEL,1f2,,Herentals (BEL),01 MAY 2017,919
946,8:24.15,Mohammad ABU REZEQ,21 DEC 1983,JOR,1,,Stretford (GBR),13 JUN 2017,919
947,8:24.16,Jozef PELIKÁN,29 JUL 1984,SVK,9,,"Hadar Yosef Stadium, Tel Aviv (ISR)",25 JUN 2017,919
948,8:24.17,Fabian MANRIQUE,06 JAN 1994,ARG,1,,Buenos Aires (ARG),09 SEP 2017,919
949,8:24.22,Jesse HUNT,28 JUL 1998,AUS,1,,Perth (AUS),06 OCT 2017,918
949,8:24.22,Jesse HUNT,28 JUL 1998,AUS,2,,Melbourne (AUS),14 DEC 2017,918
951,8:24.23,Mitchell THOMPSON,01 SEP 1995,AUS,11f1,,Melbourne (AUS),09 NOV 2017,918
952,8:24.26,William RYDE-HODGES,20 MAR 1993,GBR,5f2,,Watford (GBR),19 APR 2017,918
953,8:24.27,Mohamed AGOURRAM,11 JUL 1991,MAR,2,,Cognac (FRA),30 APR 2017,918
954,8:24.29,Sander VERMINCK,14 FEB 1989,BEL,3f2,,Kessel-Lo (BEL),19 AUG 2017,918
954,8:24.29,Joel Maina MWANGI,03 JUN 1985,KEN,2,,Domažlice (CZE),15 SEP 2017,918
956,8:24.32,Lukas EISELE,21 FEB 1997,GER,10,,Pliezhausen (GER),14 MAY 2017,918
957,8:24.33,Edwin RUTTO,,USA,4,,"Chapel Hill, NC (USA)",17 MAR 2017,918
957,8:24.33,Rory CHESSER,07 MAR 1987,IRL,2f2,,Bedford (GBR),15 JUL 2017,918
959,8:24.34,Marc ALCALÁ,07 NOV 1994,ESP,1,,Andújar (ESP),20 MAY 2017,918
960,8:24.35,Jimmy KERSHAW,24 JUL 1996,GBR,1,,Stretford (GBR),16 MAY 2017,918
960,8:24.35,Najib HASSAN,01 JUL 2001,NED,5,,Utrecht (NED),11 AUG 2017,918
962,8:24.41,Paweł PANKRATOW,10 APR 1995,POL,4f1,,Łódź (POL),27 MAY 2017,917
963,8:24.42,Ward D'HOORE,18 NOV 1994,BEL,15f1,,Herentals (BEL),01 MAY 2017,917
964,8:24.43,Ryan LOCKETT,20 JAN 2000,USA,2,,"Philadelphia, PA (USA)",28 APR 2017,917
965,8:24.44,Jaryd CLIFFORD,05 JUL 1999,AUS,3,,Melbourne (AUS),14 DEC 2017,917
966,8:24.45,George DUGGAN,01 SEP 1996,GBR,14,,Loughborough (GBR),21 MAY 2017,917
967,8:24.46,Ronny WILSON,18 MAY 1993,GBR,14f2,,Watford (GBR),03 MAY 2017,917
968,8:24.48,Robert WARNER,15 JUN 1994,GBR,1,,Watford (GBR),06 SEP 2017,917
969,8:24.51,Aitor FERNÁNDEZ,13 AUG 1991,ESP,8,,Ciudad Real (ESP),17 JUN 2017,917
970,8:24.52,Jason LYNCH,,USA,1,,"Orem, UT (USA)",31 MAR 2017,917
970,8:24.52,Pablo SÁNCHEZ SANTOS,27 SEP 1993,ESP,1,,Alcobendas (ESP),29 APR 2017,917
972,8:24.53,Clement LEDUC,21 APR 1997,FRA,1,,Nice (FRA),21 MAY 2017,917
973,8:24.54,Bereket MICHAEL,31 DEC 2000,ERI,3h2,,"Kasarani, Nairobi (KEN)",13 JUL 2017,917
974,8:24.56,Kyle KROON,,USA,3,,"Durham, NC (USA)",01 APR 2017,917
975,8:24.58,Leo PAGLIONE,28 NOV 1991,ITA,4f1,,Firenze (ITA),29 APR 2017,916
976,8:24.59,Léonce BUKURU,14 MAY 2001,BDI,6,,"Kasarani, Nairobi (KEN)",16 JUL 2017,916
977,8:24.60,Adrian LEHMANN,06 DEC 1989,SUI,1f1,,Rapperswil-Jona (SUI),18 JUN 2017,916
978,8:24.64,Matthew CLOWES,29 SEP 1989,GBR,10f1,,Stretford (GBR),19 AUG 2017,916
979,8:24.65,Jon PHILLIPS,,USA,2f2,,"Waltham, MA (USA)",03 JUN 2017,916
980,8:24.66,Alex BRECKER,15 DEC 1993,GBR,1,,Sheffield (GBR),06 MAY 2017,916
980,8:24.66,Benjamín ENZEMA,25 MAR 1989,GEQ,1,,Blois (FRA),08 JUN 2017,916
982,8:24.67,Moritz BEINLICH,15 JUL 1996,GER,4f1,,Neustadt (GER),30 JUN 2017,916
982,8:24.67,Lukáš OLEJNÍČEK,17 JUN 1988,CZE,3,,Ostrava (CZE),02 JUL 2017,916
984,8:24.71,Joel MONNE,29 MAR 1991,RSA,3,,Potchefstroom (RSA),14 FEB 2017,916
984,8:24.71,Artsiom LOHISH,01 NOV 1990,BLR,1,,Brest (BLR),01 JUN 2017,916
986,8:24.72,Paul ZWAMA,23 APR 1987,NED,2f1,,Vught (NED),25 MAY 2017,916
987,8:24.74,Andre THEILLIER,12 OCT 1989,FRA,8,,Nivelles (BEL),24 JUN 2017,916
988,8:24.77,Andrew BURKHARDT,,USA,2,,"Berkeley, CA (USA)",04 MAR 2017,915
988,8:24.77,Karim TAHRI,25 JAN 1984,FRA,1,,Nice (FRA),05 JUL 2017,915
990,8:24.78,Soufiane HAMDAOUI,04 NOV 1999,MAR,8,,Berkane (MAR),16 APR 2017,915
990,8:24.78,Arttu VATTULAINEN,03 DEC 1991,FIN,7,,Lapinlahti (FIN),16 JUL 2017,915
990,8:24.78,Michael CHRISTOFOROU,10 OCT 1992,GBR,11f1,,Stretford (GBR),19 AUG 2017,915
993,8:24.83,Denis MAYAUD,22 APR 1986,FRA,2,,Angoulême (FRA),07 JUN 2017,915
994,8:24.87,Thomas KEEN,16 JUN 2001,GBR,2,,Watford (GBR),06 SEP 2017,915
995,8:24.88,Johnny LEVERENZ,,USA,3f1,,"Indianapolis, IN (USA)",18 MAR 2017,915
995,8:24.88,Max PICKARD,04 JUN 1993,GBR,6f2,,Watford (GBR),19 APR 2017,915
995,8:24.88,Bert VAN DER HOEVEN,1989,BEL,14f1,,Huizingen (BEL),10 JUN 2017,915
995,8:24.88,Cody SHANAHAN,20 MAR 1998,AUS,1,,Melbourne (AUS),07 OCT 2017,915
999,8:24.90,David DEVINE,13 MAR 1992,GBR,8f1,,Bedford (GBR),15 JUL 2017,915
1000,8:24.93,Luke VAN OUDTSHOORN,30 JUN 2002,GBR,7f2,,Watford (GBR),31 MAY 2017,915
